id,question_id,target_question_id,condition_type,target_value,logical_operator,group_id,sort_order,created_at
1727,3194,3193,EQUALS,1,AND,0,0,9/24/2025 5:27:16 PM
1728,3194,3193,EQUALS,2,OR,1,1,9/24/2025 5:27:16 PM
1729,3194,3193,EQUALS,3,OR,2,2,9/24/2025 5:27:16 PM
1730,3195,3193,EQUALS,1,AND,0,0,9/24/2025 5:27:16 PM
1731,3195,3193,EQUALS,2,OR,1,1,9/24/2025 5:27:16 PM
1732,3195,3193,EQUALS,3,OR,2,2,9/24/2025 5:27:16 PM
1733,3196,3193,EQUALS,1,AND,0,0,9/24/2025 5:27:16 PM
1734,3196,3193,EQUALS,2,OR,1,1,9/24/2025 5:27:16 PM
1735,3196,3193,EQUALS,3,OR,2,2,9/24/2025 5:27:16 PM
1736,3197,3193,EQUALS,2,OR,0,0,9/24/2025 5:27:16 PM
1737,3197,3193,EQUALS,3,OR,1,1,9/24/2025 5:27:16 PM
1738,3198,3193,EQUALS,2,AND,0,0,9/24/2025 5:27:16 PM
1739,3198,3193,EQUALS,3,OR,1,1,9/24/2025 5:27:16 PM
1740,3199,3198,EQUALS,YES,AND,0,0,9/24/2025 5:27:16 PM
1741,3200,3199,EQUALS,YES,AND,0,0,9/24/2025 5:27:16 PM
1742,3200,3198,EQUALS,YES,AND,0,1,9/24/2025 5:27:16 PM
1743,3201,3193,EQUALS,2,AND,0,0,9/24/2025 5:27:16 PM
1744,3201,3193,EQUALS,3,AND,1,1,9/24/2025 5:27:16 PM
1745,3202,3193,EQUALS,2,AND,0,0,9/24/2025 5:27:16 PM
1746,3202,3193,EQUALS,3,AND,1,1,9/24/2025 5:27:16 PM
1747,3203,3202,EQUALS,YES,AND,0,0,9/24/2025 5:27:16 PM
1748,3204,3202,EQUALS,YES,AND,0,0,9/24/2025 5:27:16 PM
1749,3204,3203,EQUALS,YES,AND,0,1,9/24/2025 5:27:16 PM
1750,3205,3193,EQUALS,2,AND,0,0,9/24/2025 5:27:16 PM
1751,3205,3193,EQUALS,3,AND,1,1,9/24/2025 5:27:16 PM
1752,3206,3193,EQUALS,2,AND,0,0,9/24/2025 5:27:16 PM
1753,3206,3193,EQUALS,3,AND,1,1,9/24/2025 5:27:16 PM
1754,3207,3206,EQUALS,YES,AND,0,0,9/24/2025 5:27:16 PM
1755,3208,3207,EQUALS,YES,AND,0,0,9/24/2025 5:27:16 PM
1756,3208,3206,EQUALS,YES,AND,0,1,9/24/2025 5:27:16 PM
1757,3209,3206,EQUALS,YES,AND,0,0,9/24/2025 5:27:16 PM
1758,3209,3207,EQUALS,YES,AND,0,1,9/24/2025 5:27:16 PM
1759,3209,3208,EQUALS,YES,AND,0,2,9/24/2025 5:27:16 PM
1760,3210,3193,EQUALS,4,AND,0,0,9/24/2025 5:27:16 PM
1761,3211,3193,EQUALS,4,AND,0,0,9/24/2025 5:27:16 PM
1762,3212,3193,EQUALS,4,AND,0,0,9/24/2025 5:27:16 PM
1763,3213,3193,EQUALS,4,AND,0,0,9/24/2025 5:27:16 PM
1764,3213,3212,EQUALS,YES,AND,0,1,9/24/2025 5:27:16 PM
1765,3214,3193,EQUALS,5,AND,0,0,9/24/2025 5:27:16 PM
1766,3215,3193,EQUALS,5,AND,0,0,9/24/2025 5:27:16 PM
1767,3216,3193,EQUALS,5,AND,0,0,9/24/2025 5:27:16 PM
1768,3217,3193,EQUALS,5,AND,0,0,9/24/2025 5:27:16 PM
1769,3217,3216,EQUALS,YES,AND,0,1,9/24/2025 5:27:16 PM
1770,3218,3193,EQUALS,6,AND,0,0,9/24/2025 5:27:16 PM
1771,3219,3193,EQUALS,6,AND,0,0,9/24/2025 5:27:16 PM
1772,3220,3193,EQUALS,6,AND,0,0,9/24/2025 5:27:16 PM
1773,3221,3193,EQUALS,6,AND,0,0,9/24/2025 5:27:16 PM
1774,3221,3220,EQUALS,YES,AND,0,1,9/24/2025 5:27:16 PM
1775,3227,3226,EQUALS,YES,AND,0,0,9/24/2025 5:27:16 PM
1776,3230,3229,EQUALS,YES,AND,0,0,9/24/2025 5:27:16 PM
1777,3233,3232,EQUALS,YES,AND,0,0,9/24/2025 5:27:16 PM
1778,3236,3235,EQUALS,YES,AND,0,0,9/24/2025 5:27:16 PM
1779,3240,3239,EQUALS,,AND,0,0,9/24/2025 5:27:16 PM
1780,3241,3239,EQUALS,YES,AND,0,0,9/24/2025 5:27:16 PM
1781,3242,3239,EQUALS,YES,AND,0,0,9/24/2025 5:27:16 PM
1782,3243,3239,EQUALS,YES,AND,0,0,9/24/2025 5:27:16 PM
1783,3243,3242,EQUALS,YES,AND,0,1,9/24/2025 5:27:16 PM
1784,3246,3245,EQUALS,YES,AND,0,0,9/24/2025 5:27:16 PM
1785,3247,3245,EQUALS,YES,AND,0,0,9/24/2025 5:27:16 PM
1786,3248,3245,EQUALS,YES,AND,0,0,9/24/2025 5:27:16 PM
1787,3249,3245,EQUALS,YES,AND,0,0,9/24/2025 5:27:16 PM
1788,3256,3255,EQUALS,YES,AND,0,0,9/24/2025 5:27:16 PM
1789,3257,3255,EQUALS,YES,AND,0,0,9/24/2025 5:27:16 PM
1790,3258,3255,EQUALS,YES,AND,0,0,9/24/2025 5:27:16 PM
1791,3259,3255,EQUALS,YES,AND,0,0,9/24/2025 5:27:16 PM
1792,3262,3261,EQUALS,,AND,0,0,9/24/2025 5:27:16 PM
1793,3263,3261,EQUALS,YES,AND,0,0,9/24/2025 5:27:16 PM
1794,3264,3261,EQUALS,YES,AND,0,0,9/24/2025 5:27:16 PM
1795,3265,3261,EQUALS,YES,AND,0,0,9/24/2025 5:27:16 PM
1796,3266,3261,EQUALS,YES,AND,0,0,9/24/2025 5:27:16 PM
1797,3267,3261,EQUALS,YES,AND,0,0,9/24/2025 5:27:16 PM
1798,3268,3261,EQUALS,YES,AND,0,0,9/24/2025 5:27:16 PM
1799,3269,3261,EQUALS,YES,AND,0,0,9/24/2025 5:27:16 PM
1800,3272,3271,EQUALS,YES,AND,0,0,9/24/2025 5:27:16 PM
1801,3273,3271,EQUALS,YES,AND,0,0,9/24/2025 5:27:16 PM
1802,3274,3271,EQUALS,YES,AND,0,0,9/24/2025 5:27:16 PM
1803,3275,3271,EQUALS,YES,AND,0,0,9/24/2025 5:27:16 PM
1804,3278,3277,EQUALS,YES,AND,0,0,9/24/2025 5:27:16 PM
1805,3281,3280,EQUALS,YES,AND,0,0,9/24/2025 5:27:16 PM
1929,3528,3527,EQUALS,YES,AND,0,0,9/29/2025 7:38:29 PM
1930,3531,3530,EQUALS,YES,AND,0,0,9/29/2025 7:38:29 PM
1931,3534,3533,EQUALS,YES,AND,0,0,9/29/2025 7:38:29 PM
1932,3541,3540,EQUALS,YES,AND,0,0,9/29/2025 7:38:29 PM
1933,3542,3540,EQUALS,YES,AND,0,0,9/29/2025 7:38:29 PM
1934,3543,3540,EQUALS,YES,AND,0,0,9/29/2025 7:38:29 PM
1935,3544,3540,EQUALS,YES,AND,0,0,9/29/2025 7:38:29 PM
1936,3547,3546,EQUALS,YES,AND,0,0,9/29/2025 7:38:29 PM
1937,3548,3546,EQUALS,YES,AND,0,0,9/29/2025 7:38:29 PM
1938,3549,3546,EQUALS,YES,AND,0,0,9/29/2025 7:38:29 PM
1939,3550,3546,EQUALS,YES,AND,0,0,9/29/2025 7:38:29 PM
1940,3553,3552,EQUALS,YES,AND,0,0,9/29/2025 7:38:29 PM
1941,3554,3552,EQUALS,YES,AND,0,0,9/29/2025 7:38:29 PM
1942,3555,3552,EQUALS,YES,AND,0,0,9/29/2025 7:38:29 PM
1943,3556,3552,EQUALS,YES,AND,0,0,9/29/2025 7:38:29 PM
1944,3557,3552,EQUALS,YES,AND,0,0,9/29/2025 7:38:29 PM
1945,3561,3560,EQUALS,YES,AND,0,0,9/29/2025 7:38:29 PM
1946,3562,3560,EQUALS,YES,AND,0,0,9/29/2025 7:38:29 PM
1947,3563,3560,EQUALS,YES,AND,0,0,9/29/2025 7:38:29 PM
1948,3566,3565,EQUALS,YES,AND,0,0,9/29/2025 7:38:29 PM
1949,3567,3565,EQUALS,YES,AND,0,0,9/29/2025 7:38:29 PM
1950,3568,3565,EQUALS,YES,AND,0,0,9/29/2025 7:38:29 PM
1951,3569,3565,EQUALS,YES,AND,0,0,9/29/2025 7:38:29 PM
1952,3570,3565,EQUALS,YES,AND,0,0,9/29/2025 7:38:29 PM
1953,3571,3565,EQUALS,YES,AND,0,0,9/29/2025 7:38:30 PM
1954,3599,3598,EQUALS,YES,AND,0,0,9/29/2025 7:38:30 PM
1955,3600,3598,EQUALS,YES,AND,0,0,9/29/2025 7:38:30 PM
1956,3601,3598,EQUALS,YES,AND,0,0,9/29/2025 7:38:30 PM
1957,3602,3598,EQUALS,YES,AND,0,0,9/29/2025 7:38:30 PM
1958,3605,3604,EQUALS,YES,AND,0,0,9/29/2025 7:38:30 PM
1959,3606,3604,EQUALS,YES,AND,0,0,9/29/2025 7:38:30 PM
1960,3607,3604,EQUALS,YES,AND,0,0,9/29/2025 7:38:30 PM
1961,3608,3604,EQUALS,YES,AND,0,0,9/29/2025 7:38:30 PM
1962,3609,3604,EQUALS,YES,AND,0,0,9/29/2025 7:38:30 PM
1963,3610,3604,EQUALS,YES,AND,0,0,9/29/2025 7:38:30 PM
1964,3611,3604,EQUALS,YES,AND,0,0,9/29/2025 7:38:30 PM
1965,3612,3604,EQUALS,YES,AND,0,0,9/29/2025 7:38:30 PM
1966,3615,3614,EQUALS,YES,AND,0,0,9/29/2025 7:38:30 PM
1967,3616,3614,EQUALS,YES,AND,0,0,9/29/2025 7:38:30 PM
1968,3617,3614,EQUALS,YES,AND,0,0,9/29/2025 7:38:30 PM
1969,3618,3614,EQUALS,YES,AND,0,0,9/29/2025 7:38:30 PM
1970,3621,3614,EQUALS,YES,AND,0,0,9/29/2025 7:38:30 PM
1971,3624,3623,EQUALS,YES,AND,0,0,9/29/2025 7:38:30 PM
1972,3635,3634,EQUALS,YES,AND,0,0,10/10/2025 1:08:29 PM
1973,3638,3637,EQUALS,YES,AND,0,0,10/10/2025 1:08:29 PM
1974,3641,3640,EQUALS,YES,AND,0,0,10/10/2025 1:08:29 PM
1975,3648,3647,EQUALS,YES,AND,0,0,10/10/2025 1:08:29 PM
1976,3649,3647,EQUALS,YES,AND,0,0,10/10/2025 1:08:29 PM
1977,3650,3647,EQUALS,YES,AND,0,0,10/10/2025 1:08:29 PM
1978,3651,3647,EQUALS,YES,AND,0,0,10/10/2025 1:08:29 PM
1979,3654,3653,EQUALS,YES,AND,0,0,10/10/2025 1:08:29 PM
1980,3655,3653,EQUALS,YES,AND,0,0,10/10/2025 1:08:29 PM
1981,3656,3653,EQUALS,YES,AND,0,0,10/10/2025 1:08:29 PM
1982,3657,3653,EQUALS,YES,AND,0,0,10/10/2025 1:08:29 PM
1983,3660,3659,EQUALS,YES,AND,0,0,10/10/2025 1:08:29 PM
1984,3661,3659,EQUALS,YES,AND,0,0,10/10/2025 1:08:29 PM
1985,3662,3659,EQUALS,YES,AND,0,0,10/10/2025 1:08:29 PM
1986,3663,3659,EQUALS,YES,AND,0,0,10/10/2025 1:08:29 PM
1987,3664,3659,EQUALS,YES,AND,0,0,10/10/2025 1:08:29 PM
1988,3668,3667,EQUALS,YES,AND,0,0,10/10/2025 1:08:30 PM
1989,3669,3667,EQUALS,YES,AND,0,0,10/10/2025 1:08:30 PM
1990,3670,3667,EQUALS,YES,AND,0,0,10/10/2025 1:08:30 PM
1991,3673,3672,EQUALS,YES,AND,0,0,10/10/2025 1:08:30 PM
1992,3674,3672,EQUALS,YES,AND,0,0,10/10/2025 1:08:30 PM
1993,3675,3672,EQUALS,YES,AND,0,0,10/10/2025 1:08:30 PM
1994,3676,3672,EQUALS,YES,AND,0,0,10/10/2025 1:08:30 PM
1995,3677,3672,EQUALS,YES,AND,0,0,10/10/2025 1:08:30 PM
1996,3678,3672,EQUALS,YES,AND,0,0,10/10/2025 1:08:30 PM
1997,3703,3702,EQUALS,YES,AND,0,0,10/10/2025 1:08:30 PM
1998,3706,3705,EQUALS,YES,AND,0,0,10/10/2025 1:08:30 PM
1999,3707,3705,EQUALS,YES,AND,0,0,10/10/2025 1:08:30 PM
2000,3708,3705,EQUALS,YES,AND,0,0,10/10/2025 1:08:30 PM
2001,3709,3705,EQUALS,YES,AND,0,0,10/10/2025 1:08:30 PM
2002,3712,3711,EQUALS,YES,AND,0,0,10/10/2025 1:08:30 PM
2003,3713,3711,EQUALS,YES,AND,0,0,10/10/2025 1:08:30 PM
2004,3714,3711,EQUALS,YES,AND,0,0,10/10/2025 1:08:30 PM
2005,3715,3711,EQUALS,YES,AND,0,0,10/10/2025 1:08:30 PM
2006,3716,3711,EQUALS,YES,AND,0,0,10/10/2025 1:08:30 PM
2007,3717,3711,EQUALS,YES,AND,0,0,10/10/2025 1:08:30 PM
2008,3718,3711,EQUALS,YES,AND,0,0,10/10/2025 1:08:30 PM
2009,3719,3711,EQUALS,YES,AND,0,0,10/10/2025 1:08:30 PM
2010,3722,3721,EQUALS,YES,AND,0,0,10/10/2025 1:08:30 PM
2011,3723,3721,EQUALS,YES,AND,0,0,10/10/2025 1:08:30 PM
2012,3724,3721,EQUALS,YES,AND,0,0,10/10/2025 1:08:30 PM
2013,3725,3721,EQUALS,YES,AND,0,0,10/10/2025 1:08:30 PM
2014,3728,3721,EQUALS,YES,AND,0,0,10/10/2025 1:08:30 PM
2015,3731,3730,EQUALS,YES,AND,0,0,10/10/2025 1:08:30 PM
2016,3742,3741,EQUALS,YES,AND,0,0,10/10/2025 1:10:36 PM
2017,3745,3744,EQUALS,YES,AND,0,0,10/10/2025 1:10:36 PM
2018,3748,3747,EQUALS,YES,AND,0,0,10/10/2025 1:10:36 PM
2019,3755,3754,EQUALS,YES,AND,0,0,10/10/2025 1:10:36 PM
2020,3756,3754,EQUALS,YES,AND,0,0,10/10/2025 1:10:36 PM
2021,3757,3754,EQUALS,YES,AND,0,0,10/10/2025 1:10:36 PM
2022,3758,3754,EQUALS,YES,AND,0,0,10/10/2025 1:10:36 PM
2023,3761,3760,EQUALS,YES,AND,0,0,10/10/2025 1:10:36 PM
2024,3762,3760,EQUALS,YES,AND,0,0,10/10/2025 1:10:37 PM
2025,3763,3760,EQUALS,YES,AND,0,0,10/10/2025 1:10:37 PM
2026,3764,3760,EQUALS,YES,AND,0,0,10/10/2025 1:10:37 PM
2027,3767,3766,EQUALS,YES,AND,0,0,10/10/2025 1:10:37 PM
2028,3768,3766,EQUALS,YES,AND,0,0,10/10/2025 1:10:37 PM
2029,3769,3766,EQUALS,YES,AND,0,0,10/10/2025 1:10:37 PM
2030,3770,3766,EQUALS,YES,AND,0,0,10/10/2025 1:10:37 PM
2031,3771,3766,EQUALS,YES,AND,0,0,10/10/2025 1:10:37 PM
2032,3775,3774,EQUALS,YES,AND,0,0,10/10/2025 1:10:37 PM
2033,3776,3774,EQUALS,YES,AND,0,0,10/10/2025 1:10:37 PM
2034,3777,3774,EQUALS,YES,AND,0,0,10/10/2025 1:10:37 PM
2035,3780,3779,EQUALS,YES,AND,0,0,10/10/2025 1:10:37 PM
2036,3781,3779,EQUALS,YES,AND,0,0,10/10/2025 1:10:37 PM
2037,3782,3779,EQUALS,YES,AND,0,0,10/10/2025 1:10:37 PM
2038,3783,3779,EQUALS,YES,AND,0,0,10/10/2025 1:10:37 PM
2039,3784,3779,EQUALS,YES,AND,0,0,10/10/2025 1:10:37 PM
2040,3785,3779,EQUALS,YES,AND,0,0,10/10/2025 1:10:37 PM
2041,3810,3809,EQUALS,YES,AND,0,0,10/10/2025 1:10:37 PM
2042,3813,3812,EQUALS,YES,AND,0,0,10/10/2025 1:10:37 PM
2043,3814,3812,EQUALS,YES,AND,0,0,10/10/2025 1:10:37 PM
2044,3815,3812,EQUALS,YES,AND,0,0,10/10/2025 1:10:37 PM
2045,3816,3812,EQUALS,YES,AND,0,0,10/10/2025 1:10:37 PM
2046,3819,3818,EQUALS,YES,AND,0,0,10/10/2025 1:10:37 PM
2047,3820,3818,EQUALS,YES,AND,0,0,10/10/2025 1:10:37 PM
2048,3821,3818,EQUALS,YES,AND,0,0,10/10/2025 1:10:37 PM
2049,3822,3818,EQUALS,YES,AND,0,0,10/10/2025 1:10:37 PM
2050,3823,3818,EQUALS,YES,AND,0,0,10/10/2025 1:10:37 PM
2051,3824,3818,EQUALS,YES,AND,0,0,10/10/2025 1:10:37 PM
2052,3825,3818,EQUALS,YES,AND,0,0,10/10/2025 1:10:37 PM
2053,3826,3818,EQUALS,YES,AND,0,0,10/10/2025 1:10:37 PM
2054,3829,3828,EQUALS,YES,AND,0,0,10/10/2025 1:10:37 PM
2055,3830,3828,EQUALS,YES,AND,0,0,10/10/2025 1:10:37 PM
2056,3831,3828,EQUALS,YES,AND,0,0,10/10/2025 1:10:37 PM
2057,3832,3828,EQUALS,YES,AND,0,0,10/10/2025 1:10:37 PM
2058,3835,3828,EQUALS,YES,AND,0,0,10/10/2025 1:10:37 PM
2059,3838,3837,EQUALS,YES,AND,0,0,10/10/2025 1:10:37 PM
2060,3845,3844,EQUALS,1,AND,0,0,10/10/2025 1:31:40 PM
2061,3845,3844,EQUALS,2,OR,1,1,10/10/2025 1:31:40 PM
2062,3845,3844,EQUALS,3,OR,2,2,10/10/2025 1:31:40 PM
2063,3846,3844,EQUALS,1,AND,0,0,10/10/2025 1:31:40 PM
2064,3846,3844,EQUALS,2,OR,1,1,10/10/2025 1:31:40 PM
2065,3846,3844,EQUALS,3,OR,2,2,10/10/2025 1:31:40 PM
2066,3847,3844,EQUALS,1,AND,0,0,10/10/2025 1:31:40 PM
2067,3847,3844,EQUALS,2,OR,1,1,10/10/2025 1:31:40 PM
2068,3847,3844,EQUALS,3,OR,2,2,10/10/2025 1:31:40 PM
2069,3848,3844,EQUALS,2,OR,0,0,10/10/2025 1:31:40 PM
2070,3848,3844,EQUALS,3,OR,1,1,10/10/2025 1:31:40 PM
2071,3849,3844,EQUALS,2,AND,0,0,10/10/2025 1:31:40 PM
2072,3849,3844,EQUALS,3,OR,1,1,10/10/2025 1:31:40 PM
2073,3850,3849,EQUALS,YES,AND,0,0,10/10/2025 1:31:40 PM
2074,3851,3850,EQUALS,YES,AND,0,0,10/10/2025 1:31:40 PM
2075,3851,3849,EQUALS,YES,AND,0,1,10/10/2025 1:31:40 PM
2076,3852,3844,EQUALS,2,AND,0,0,10/10/2025 1:31:40 PM
2077,3852,3844,EQUALS,3,AND,1,1,10/10/2025 1:31:40 PM
2078,3853,3844,EQUALS,2,AND,0,0,10/10/2025 1:31:40 PM
2079,3853,3844,EQUALS,3,AND,1,1,10/10/2025 1:31:40 PM
2080,3854,3853,EQUALS,YES,AND,0,0,10/10/2025 1:31:40 PM
2081,3855,3853,EQUALS,YES,AND,0,0,10/10/2025 1:31:40 PM
2082,3855,3854,EQUALS,YES,AND,0,1,10/10/2025 1:31:40 PM
2083,3856,3844,EQUALS,2,AND,0,0,10/10/2025 1:31:40 PM
2084,3856,3844,EQUALS,3,AND,1,1,10/10/2025 1:31:40 PM
2085,3857,3844,EQUALS,2,AND,0,0,10/10/2025 1:31:40 PM
2086,3857,3844,EQUALS,3,AND,1,1,10/10/2025 1:31:40 PM
2087,3858,3857,EQUALS,YES,AND,0,0,10/10/2025 1:31:40 PM
2088,3859,3858,EQUALS,YES,AND,0,0,10/10/2025 1:31:40 PM
2089,3859,3857,EQUALS,YES,AND,0,1,10/10/2025 1:31:40 PM
2090,3860,3857,EQUALS,YES,AND,0,0,10/10/2025 1:31:40 PM
2091,3860,3858,EQUALS,YES,AND,0,1,10/10/2025 1:31:40 PM
2092,3860,3859,EQUALS,YES,AND,0,2,10/10/2025 1:31:40 PM
2093,3861,3844,EQUALS,4,AND,0,0,10/10/2025 1:31:40 PM
2094,3862,3844,EQUALS,4,AND,0,0,10/10/2025 1:31:40 PM
2095,3863,3844,EQUALS,4,AND,0,0,10/10/2025 1:31:40 PM
2096,3864,3844,EQUALS,4,AND,0,0,10/10/2025 1:31:40 PM
2097,3864,3863,EQUALS,YES,AND,0,1,10/10/2025 1:31:40 PM
2098,3865,3844,EQUALS,5,AND,0,0,10/10/2025 1:31:40 PM
2099,3866,3844,EQUALS,5,AND,0,0,10/10/2025 1:31:40 PM
2100,3867,3844,EQUALS,5,AND,0,0,10/10/2025 1:31:40 PM
2101,3868,3844,EQUALS,5,AND,0,0,10/10/2025 1:31:40 PM
2102,3868,3867,EQUALS,YES,AND,0,1,10/10/2025 1:31:40 PM
2103,3869,3844,EQUALS,6,AND,0,0,10/10/2025 1:31:40 PM
2104,3870,3844,EQUALS,6,AND,0,0,10/10/2025 1:31:40 PM
2105,3871,3844,EQUALS,6,AND,0,0,10/10/2025 1:31:40 PM
2106,3872,3844,EQUALS,6,AND,0,0,10/10/2025 1:31:40 PM
2107,3872,3871,EQUALS,YES,AND,0,1,10/10/2025 1:31:40 PM
2108,3878,3877,EQUALS,YES,AND,0,0,10/10/2025 1:31:40 PM
2109,3881,3880,EQUALS,YES,AND,0,0,10/10/2025 1:31:41 PM
2110,3884,3883,EQUALS,YES,AND,0,0,10/10/2025 1:31:41 PM
2111,3887,3886,EQUALS,YES,AND,0,0,10/10/2025 1:31:41 PM
2112,3891,3890,EQUALS,,AND,0,0,10/10/2025 1:31:41 PM
2113,3892,3890,EQUALS,YES,AND,0,0,10/10/2025 1:31:41 PM
2114,3893,3890,EQUALS,YES,AND,0,0,10/10/2025 1:31:41 PM
2115,3894,3890,EQUALS,YES,AND,0,0,10/10/2025 1:31:41 PM
2116,3894,3893,EQUALS,YES,AND,0,1,10/10/2025 1:31:41 PM
2117,3897,3896,EQUALS,YES,AND,0,0,10/10/2025 1:31:41 PM
2118,3898,3896,EQUALS,YES,AND,0,0,10/10/2025 1:31:41 PM
2119,3899,3896,EQUALS,YES,AND,0,0,10/10/2025 1:31:41 PM
2120,3900,3896,EQUALS,YES,AND,0,0,10/10/2025 1:31:41 PM
2121,3907,3906,EQUALS,YES,AND,0,0,10/10/2025 1:31:41 PM
2122,3908,3906,EQUALS,YES,AND,0,0,10/10/2025 1:31:41 PM
2123,3909,3906,EQUALS,YES,AND,0,0,10/10/2025 1:31:41 PM
2124,3910,3906,EQUALS,YES,AND,0,0,10/10/2025 1:31:41 PM
2125,3913,3912,EQUALS,,AND,0,0,10/10/2025 1:31:41 PM
2126,3914,3912,EQUALS,YES,AND,0,0,10/10/2025 1:31:41 PM
2127,3915,3912,EQUALS,YES,AND,0,0,10/10/2025 1:31:41 PM
2128,3916,3912,EQUALS,YES,AND,0,0,10/10/2025 1:31:41 PM
2129,3917,3912,EQUALS,YES,AND,0,0,10/10/2025 1:31:41 PM
2130,3918,3912,EQUALS,YES,AND,0,0,10/10/2025 1:31:41 PM
2131,3919,3912,EQUALS,YES,AND,0,0,10/10/2025 1:31:41 PM
2132,3920,3912,EQUALS,YES,AND,0,0,10/10/2025 1:31:41 PM
2133,3923,3922,EQUALS,YES,AND,0,0,10/10/2025 1:31:41 PM
2134,3924,3922,EQUALS,YES,AND,0,0,10/10/2025 1:31:41 PM
2135,3925,3922,EQUALS,YES,AND,0,0,10/10/2025 1:31:41 PM
2136,3926,3922,EQUALS,YES,AND,0,0,10/10/2025 1:31:41 PM
2137,3929,3928,EQUALS,YES,AND,0,0,10/10/2025 1:31:41 PM
2138,3932,3931,EQUALS,YES,AND,0,0,10/10/2025 1:31:41 PM
2139,3939,3938,EQUALS,1,AND,0,0,10/13/2025 5:38:54 PM
2140,3939,3938,EQUALS,2,OR,1,1,10/13/2025 5:38:54 PM
2141,3939,3938,EQUALS,3,OR,2,2,10/13/2025 5:38:54 PM
2142,3940,3938,EQUALS,1,AND,0,0,10/13/2025 5:38:54 PM
2143,3940,3938,EQUALS,2,OR,1,1,10/13/2025 5:38:54 PM
2144,3940,3938,EQUALS,3,OR,2,2,10/13/2025 5:38:54 PM
2145,3941,3938,EQUALS,1,AND,0,0,10/13/2025 5:38:54 PM
2146,3941,3938,EQUALS,2,OR,1,1,10/13/2025 5:38:54 PM
2147,3941,3938,EQUALS,3,OR,2,2,10/13/2025 5:38:54 PM
2148,3942,3938,EQUALS,2,OR,0,0,10/13/2025 5:38:54 PM
2149,3942,3938,EQUALS,3,OR,1,1,10/13/2025 5:38:54 PM
2150,3943,3938,EQUALS,2,AND,0,0,10/13/2025 5:38:54 PM
2151,3943,3938,EQUALS,3,OR,1,1,10/13/2025 5:38:54 PM
2152,3944,3943,EQUALS,YES,AND,0,0,10/13/2025 5:38:54 PM
2153,3945,3944,EQUALS,YES,AND,0,0,10/13/2025 5:38:54 PM
2154,3945,3943,EQUALS,YES,AND,0,1,10/13/2025 5:38:54 PM
2155,3946,3938,EQUALS,2,AND,0,0,10/13/2025 5:38:54 PM
2156,3946,3938,EQUALS,3,AND,1,1,10/13/2025 5:38:54 PM
2157,3947,3938,EQUALS,2,AND,0,0,10/13/2025 5:38:54 PM
2158,3947,3938,EQUALS,3,AND,1,1,10/13/2025 5:38:54 PM
2159,3948,3947,EQUALS,YES,AND,0,0,10/13/2025 5:38:54 PM
2160,3949,3947,EQUALS,YES,AND,0,0,10/13/2025 5:38:54 PM
2161,3949,3948,EQUALS,YES,AND,0,1,10/13/2025 5:38:54 PM
2162,3950,3938,EQUALS,2,AND,0,0,10/13/2025 5:38:54 PM
2163,3950,3938,EQUALS,3,AND,1,1,10/13/2025 5:38:54 PM
2164,3951,3938,EQUALS,2,AND,0,0,10/13/2025 5:38:54 PM
2165,3951,3938,EQUALS,3,AND,1,1,10/13/2025 5:38:54 PM
2166,3952,3951,EQUALS,YES,AND,0,0,10/13/2025 5:38:54 PM
2167,3953,3952,EQUALS,YES,AND,0,0,10/13/2025 5:38:54 PM
2168,3953,3951,EQUALS,YES,AND,0,1,10/13/2025 5:38:54 PM
2169,3954,3951,EQUALS,YES,AND,0,0,10/13/2025 5:38:54 PM
2170,3954,3952,EQUALS,YES,AND,0,1,10/13/2025 5:38:54 PM
2171,3954,3953,EQUALS,YES,AND,0,2,10/13/2025 5:38:54 PM
2172,3955,3938,EQUALS,4,AND,0,0,10/13/2025 5:38:54 PM
2173,3956,3938,EQUALS,4,AND,0,0,10/13/2025 5:38:54 PM
2174,3957,3938,EQUALS,4,AND,0,0,10/13/2025 5:38:54 PM
2175,3958,3938,EQUALS,4,AND,0,0,10/13/2025 5:38:54 PM
2176,3958,3957,EQUALS,YES,AND,0,1,10/13/2025 5:38:54 PM
2177,3959,3938,EQUALS,5,AND,0,0,10/13/2025 5:38:54 PM
2178,3960,3938,EQUALS,5,AND,0,0,10/13/2025 5:38:54 PM
2179,3961,3938,EQUALS,5,AND,0,0,10/13/2025 5:38:54 PM
2180,3962,3938,EQUALS,5,AND,0,0,10/13/2025 5:38:54 PM
2181,3962,3961,EQUALS,YES,AND,0,1,10/13/2025 5:38:54 PM
2182,3963,3938,EQUALS,6,AND,0,0,10/13/2025 5:38:54 PM
2183,3964,3938,EQUALS,6,AND,0,0,10/13/2025 5:38:54 PM
2184,3965,3938,EQUALS,6,AND,0,0,10/13/2025 5:38:54 PM
2185,3966,3938,EQUALS,6,AND,0,0,10/13/2025 5:38:54 PM
2186,3966,3965,EQUALS,YES,AND,0,1,10/13/2025 5:38:54 PM
2187,3972,3971,EQUALS,YES,AND,0,0,10/13/2025 5:38:54 PM
2188,3975,3974,EQUALS,YES,AND,0,0,10/13/2025 5:38:54 PM
2189,3978,3977,EQUALS,YES,AND,0,0,10/13/2025 5:38:54 PM
2190,3981,3980,EQUALS,YES,AND,0,0,10/13/2025 5:38:54 PM
2191,3985,3984,EQUALS,,AND,0,0,10/13/2025 5:38:54 PM
2192,3986,3984,EQUALS,YES,AND,0,0,10/13/2025 5:38:54 PM
2193,3989,3988,EQUALS,YES,AND,0,0,10/13/2025 5:38:54 PM
2194,3990,3988,EQUALS,YES,AND,0,0,10/13/2025 5:38:54 PM
2195,3991,3988,EQUALS,YES,AND,0,0,10/13/2025 5:38:54 PM
2196,3992,3988,EQUALS,YES,AND,0,0,10/13/2025 5:38:54 PM
2197,3999,3998,EQUALS,YES,AND,0,0,10/13/2025 5:38:54 PM
2198,4000,3998,EQUALS,YES,AND,0,0,10/13/2025 5:38:54 PM
2199,4001,3998,EQUALS,YES,AND,0,0,10/13/2025 5:38:54 PM
2200,4002,3998,EQUALS,YES,AND,0,0,10/13/2025 5:38:54 PM
2201,4005,4004,EQUALS,,AND,0,0,10/13/2025 5:38:54 PM
2202,4006,4004,EQUALS,YES,AND,0,0,10/13/2025 5:38:54 PM
2203,4007,4004,EQUALS,YES,AND,0,0,10/13/2025 5:38:54 PM
2204,4008,4004,EQUALS,YES,AND,0,0,10/13/2025 5:38:54 PM
2205,4009,4004,EQUALS,YES,AND,0,0,10/13/2025 5:38:54 PM
2206,4010,4004,EQUALS,YES,AND,0,0,10/13/2025 5:38:54 PM
2207,4011,4004,EQUALS,YES,AND,0,0,10/13/2025 5:38:54 PM
2208,4012,4004,EQUALS,YES,AND,0,0,10/13/2025 5:38:54 PM
2209,4013,4004,EQUALS,YES,AND,0,0,10/13/2025 5:38:54 PM
2210,4016,4015,EQUALS,YES,AND,0,0,10/13/2025 5:38:54 PM
2211,4017,4015,EQUALS,YES,AND,0,0,10/13/2025 5:38:54 PM
2212,4018,4015,EQUALS,YES,AND,0,0,10/13/2025 5:38:54 PM
2213,4021,4020,EQUALS,YES,AND,0,0,10/13/2025 5:38:54 PM
2214,4024,4023,EQUALS,YES,AND,0,0,10/13/2025 5:38:54 PM
2215,4031,4030,EQUALS,1,AND,0,0,10/13/2025 5:46:52 PM
2216,4031,4030,EQUALS,2,OR,1,1,10/13/2025 5:46:52 PM
2217,4031,4030,EQUALS,3,OR,2,2,10/13/2025 5:46:52 PM
2218,4032,4030,EQUALS,1,AND,0,0,10/13/2025 5:46:52 PM
2219,4032,4030,EQUALS,2,OR,1,1,10/13/2025 5:46:52 PM
2220,4032,4030,EQUALS,3,OR,2,2,10/13/2025 5:46:52 PM
2221,4033,4030,EQUALS,1,AND,0,0,10/13/2025 5:46:52 PM
2222,4033,4030,EQUALS,2,OR,1,1,10/13/2025 5:46:52 PM
2223,4033,4030,EQUALS,3,OR,2,2,10/13/2025 5:46:52 PM
2224,4034,4030,EQUALS,2,OR,0,0,10/13/2025 5:46:52 PM
2225,4034,4030,EQUALS,3,OR,1,1,10/13/2025 5:46:52 PM
2226,4035,4030,EQUALS,2,AND,0,0,10/13/2025 5:46:52 PM
2227,4035,4030,EQUALS,3,OR,1,1,10/13/2025 5:46:52 PM
2228,4036,4035,EQUALS,YES,AND,0,0,10/13/2025 5:46:52 PM
2229,4037,4036,EQUALS,YES,AND,0,0,10/13/2025 5:46:52 PM
2230,4037,4035,EQUALS,YES,AND,0,1,10/13/2025 5:46:52 PM
2231,4038,4030,EQUALS,2,AND,0,0,10/13/2025 5:46:52 PM
2232,4038,4030,EQUALS,3,AND,1,1,10/13/2025 5:46:52 PM
2233,4039,4030,EQUALS,2,AND,0,0,10/13/2025 5:46:52 PM
2234,4039,4030,EQUALS,3,AND,1,1,10/13/2025 5:46:52 PM
2235,4040,4039,EQUALS,YES,AND,0,0,10/13/2025 5:46:52 PM
2236,4041,4039,EQUALS,YES,AND,0,0,10/13/2025 5:46:52 PM
2237,4041,4040,EQUALS,YES,AND,0,1,10/13/2025 5:46:52 PM
2238,4042,4030,EQUALS,2,AND,0,0,10/13/2025 5:46:52 PM
2239,4042,4030,EQUALS,3,AND,1,1,10/13/2025 5:46:52 PM
2240,4043,4030,EQUALS,2,AND,0,0,10/13/2025 5:46:52 PM
2241,4043,4030,EQUALS,3,AND,1,1,10/13/2025 5:46:52 PM
2242,4044,4043,EQUALS,YES,AND,0,0,10/13/2025 5:46:52 PM
2243,4045,4044,EQUALS,YES,AND,0,0,10/13/2025 5:46:52 PM
2244,4045,4043,EQUALS,YES,AND,0,1,10/13/2025 5:46:52 PM
2245,4046,4043,EQUALS,YES,AND,0,0,10/13/2025 5:46:52 PM
2246,4046,4044,EQUALS,YES,AND,0,1,10/13/2025 5:46:52 PM
2247,4046,4045,EQUALS,YES,AND,0,2,10/13/2025 5:46:52 PM
2248,4047,4030,EQUALS,4,AND,0,0,10/13/2025 5:46:52 PM
2249,4048,4030,EQUALS,4,AND,0,0,10/13/2025 5:46:52 PM
2250,4049,4030,EQUALS,4,AND,0,0,10/13/2025 5:46:52 PM
2251,4050,4030,EQUALS,4,AND,0,0,10/13/2025 5:46:52 PM
2252,4050,4049,EQUALS,YES,AND,0,1,10/13/2025 5:46:52 PM
2253,4051,4030,EQUALS,5,AND,0,0,10/13/2025 5:46:52 PM
2254,4052,4030,EQUALS,5,AND,0,0,10/13/2025 5:46:52 PM
2255,4053,4030,EQUALS,5,AND,0,0,10/13/2025 5:46:52 PM
2256,4054,4030,EQUALS,5,AND,0,0,10/13/2025 5:46:52 PM
2257,4054,4053,EQUALS,YES,AND,0,1,10/13/2025 5:46:52 PM
2258,4055,4030,EQUALS,6,AND,0,0,10/13/2025 5:46:52 PM
2259,4056,4030,EQUALS,6,AND,0,0,10/13/2025 5:46:52 PM
2260,4057,4030,EQUALS,6,AND,0,0,10/13/2025 5:46:52 PM
2261,4058,4030,EQUALS,6,AND,0,0,10/13/2025 5:46:52 PM
2262,4058,4057,EQUALS,YES,AND,0,1,10/13/2025 5:46:52 PM
2263,4064,4063,EQUALS,YES,AND,0,0,10/13/2025 5:46:52 PM
2264,4067,4066,EQUALS,YES,AND,0,0,10/13/2025 5:46:52 PM
2265,4070,4069,EQUALS,YES,AND,0,0,10/13/2025 5:46:52 PM
2266,4073,4072,EQUALS,YES,AND,0,0,10/13/2025 5:46:52 PM
2267,4077,4076,EQUALS,,AND,0,0,10/13/2025 5:46:52 PM
2268,4078,4076,EQUALS,YES,AND,0,0,10/13/2025 5:46:52 PM
2269,4081,4080,EQUALS,YES,AND,0,0,10/13/2025 5:46:53 PM
2270,4082,4080,EQUALS,YES,AND,0,0,10/13/2025 5:46:53 PM
2271,4083,4080,EQUALS,YES,AND,0,0,10/13/2025 5:46:53 PM
2272,4090,4089,EQUALS,YES,AND,0,0,10/13/2025 5:46:53 PM
2273,4091,4089,EQUALS,YES,AND,0,0,10/13/2025 5:46:53 PM
2274,4092,4089,EQUALS,YES,AND,0,0,10/13/2025 5:46:53 PM
2275,4093,4089,EQUALS,YES,AND,0,0,10/13/2025 5:46:53 PM
2276,4096,4095,EQUALS,,AND,0,0,10/13/2025 5:46:53 PM
2277,4097,4095,EQUALS,YES,AND,0,0,10/13/2025 5:46:53 PM
2278,4098,4095,EQUALS,YES,AND,0,0,10/13/2025 5:46:53 PM
2279,4099,4095,EQUALS,YES,AND,0,0,10/13/2025 5:46:53 PM
2280,4100,4095,EQUALS,YES,AND,0,0,10/13/2025 5:46:53 PM
2281,4101,4095,EQUALS,YES,AND,0,0,10/13/2025 5:46:53 PM
2282,4102,4095,EQUALS,YES,AND,0,0,10/13/2025 5:46:53 PM
2283,4103,4095,EQUALS,YES,AND,0,0,10/13/2025 5:46:53 PM
2284,4104,4095,EQUALS,YES,AND,0,0,10/13/2025 5:46:53 PM
2285,4107,4106,EQUALS,YES,AND,0,0,10/13/2025 5:46:53 PM
2286,4108,4106,EQUALS,YES,AND,0,0,10/13/2025 5:46:53 PM
2287,4109,4106,EQUALS,YES,AND,0,0,10/13/2025 5:46:53 PM
2288,4112,4111,EQUALS,YES,AND,0,0,10/13/2025 5:46:53 PM
2289,4115,4114,EQUALS,YES,AND,0,0,10/13/2025 5:46:53 PM
2290,4126,4125,EQUALS,YES,AND,0,0,10/13/2025 6:11:08 PM
2291,4129,4128,EQUALS,YES,AND,0,0,10/13/2025 6:11:08 PM
2292,4132,4131,EQUALS,YES,AND,0,0,10/13/2025 6:11:08 PM
2293,4139,4138,EQUALS,YES,AND,0,0,10/13/2025 6:11:08 PM
2294,4140,4138,EQUALS,YES,AND,0,0,10/13/2025 6:11:08 PM
2295,4141,4138,EQUALS,YES,AND,0,0,10/13/2025 6:11:08 PM
2296,4142,4138,EQUALS,YES,AND,0,0,10/13/2025 6:11:08 PM
2297,4145,4144,EQUALS,YES,AND,0,0,10/13/2025 6:11:08 PM
2298,4146,4144,EQUALS,YES,AND,0,0,10/13/2025 6:11:08 PM
2299,4147,4144,EQUALS,YES,AND,0,0,10/13/2025 6:11:08 PM
2300,4148,4144,EQUALS,YES,AND,0,0,10/13/2025 6:11:08 PM
2301,4151,4150,EQUALS,YES,AND,0,0,10/13/2025 6:11:08 PM
2302,4152,4150,EQUALS,YES,AND,0,0,10/13/2025 6:11:08 PM
2303,4153,4150,EQUALS,YES,AND,0,0,10/13/2025 6:11:08 PM
2304,4154,4150,EQUALS,YES,AND,0,0,10/13/2025 6:11:08 PM
2305,4158,4157,EQUALS,YES,AND,0,0,10/13/2025 6:11:08 PM
2306,4159,4157,EQUALS,YES,AND,0,0,10/13/2025 6:11:08 PM
2307,4160,4157,EQUALS,YES,AND,0,0,10/13/2025 6:11:08 PM
2308,4163,4162,EQUALS,YES,AND,0,0,10/13/2025 6:11:08 PM
2309,4164,4162,EQUALS,YES,AND,0,0,10/13/2025 6:11:08 PM
2310,4165,4162,EQUALS,YES,AND,0,0,10/13/2025 6:11:08 PM
2311,4166,4162,EQUALS,YES,AND,0,0,10/13/2025 6:11:08 PM
2312,4191,4190,EQUALS,YES,AND,0,0,10/13/2025 6:11:08 PM
2313,4194,4193,EQUALS,YES,AND,0,0,10/13/2025 6:11:08 PM
2314,4195,4193,EQUALS,YES,AND,0,0,10/13/2025 6:11:08 PM
2315,4196,4193,EQUALS,YES,AND,0,0,10/13/2025 6:11:08 PM
2316,4197,4193,EQUALS,YES,AND,0,0,10/13/2025 6:11:08 PM
2317,4200,4199,EQUALS,YES,AND,0,0,10/13/2025 6:11:08 PM
2318,4201,4199,EQUALS,YES,AND,0,0,10/13/2025 6:11:08 PM
2319,4202,4199,EQUALS,YES,AND,0,0,10/13/2025 6:11:08 PM
2320,4203,4199,EQUALS,YES,AND,0,0,10/13/2025 6:11:08 PM
2321,4204,4199,EQUALS,YES,AND,0,0,10/13/2025 6:11:08 PM
2322,4205,4199,EQUALS,YES,AND,0,0,10/13/2025 6:11:08 PM
2323,4206,4199,EQUALS,YES,AND,0,0,10/13/2025 6:11:08 PM
2324,4207,4199,EQUALS,YES,AND,0,0,10/13/2025 6:11:08 PM
2325,4210,4209,EQUALS,YES,AND,0,0,10/13/2025 6:11:08 PM
2326,4211,4209,EQUALS,YES,AND,0,0,10/13/2025 6:11:08 PM
2327,4212,4209,EQUALS,YES,AND,0,0,10/13/2025 6:11:08 PM
2328,4213,4209,EQUALS,YES,AND,0,0,10/13/2025 6:11:08 PM
2329,4216,4209,EQUALS,YES,AND,0,0,10/13/2025 6:11:08 PM
2330,4219,4218,EQUALS,YES,AND,0,0,10/13/2025 6:11:08 PM
2331,4230,4229,EQUALS,YES,AND,0,0,10/13/2025 6:33:56 PM
2332,4233,4232,EQUALS,YES,AND,0,0,10/13/2025 6:33:56 PM
2333,4236,4235,EQUALS,YES,AND,0,0,10/13/2025 6:33:56 PM
2334,4244,4243,EQUALS,YES,AND,0,0,10/13/2025 6:33:56 PM
2335,4245,4243,EQUALS,YES,AND,0,0,10/13/2025 6:33:56 PM
2336,4246,4243,EQUALS,YES,AND,0,0,10/13/2025 6:33:56 PM
2337,4247,4243,EQUALS,YES,AND,0,0,10/13/2025 6:33:56 PM
2338,4250,4249,EQUALS,YES,AND,0,0,10/13/2025 6:33:56 PM
2339,4251,4249,EQUALS,YES,AND,0,0,10/13/2025 6:33:56 PM
2340,4252,4249,EQUALS,YES,AND,0,0,10/13/2025 6:33:56 PM
2341,4253,4249,EQUALS,YES,AND,0,0,10/13/2025 6:33:56 PM
2342,4256,4255,EQUALS,YES,AND,0,0,10/13/2025 6:33:56 PM
2343,4257,4255,EQUALS,YES,AND,0,0,10/13/2025 6:33:56 PM
2344,4258,4255,EQUALS,YES,AND,0,0,10/13/2025 6:33:56 PM
2345,4259,4255,EQUALS,YES,AND,0,0,10/13/2025 6:33:56 PM
2346,4263,4262,EQUALS,YES,AND,0,0,10/13/2025 6:33:56 PM
2347,4264,4262,EQUALS,YES,AND,0,0,10/13/2025 6:33:56 PM
2348,4265,4262,EQUALS,YES,AND,0,0,10/13/2025 6:33:56 PM
2349,4268,4267,EQUALS,YES,AND,0,0,10/13/2025 6:33:56 PM
2350,4269,4267,EQUALS,YES,AND,0,0,10/13/2025 6:33:56 PM
2351,4270,4267,EQUALS,YES,AND,0,0,10/13/2025 6:33:56 PM
2352,4271,4267,EQUALS,YES,AND,0,0,10/13/2025 6:33:56 PM
2353,4296,4295,EQUALS,YES,AND,0,0,10/13/2025 6:33:56 PM
2354,4299,4298,EQUALS,YES,AND,0,0,10/13/2025 6:33:57 PM
2355,4300,4298,EQUALS,YES,AND,0,0,10/13/2025 6:33:57 PM
2356,4301,4298,EQUALS,YES,AND,0,0,10/13/2025 6:33:57 PM
2357,4302,4298,EQUALS,YES,AND,0,0,10/13/2025 6:33:57 PM
2358,4305,4304,EQUALS,YES,AND,0,0,10/13/2025 6:33:57 PM
2359,4306,4304,EQUALS,YES,AND,0,0,10/13/2025 6:33:57 PM
2360,4307,4304,EQUALS,YES,AND,0,0,10/13/2025 6:33:57 PM
2361,4308,4304,EQUALS,YES,AND,0,0,10/13/2025 6:33:57 PM
2362,4309,4304,EQUALS,YES,AND,0,0,10/13/2025 6:33:57 PM
2363,4310,4304,EQUALS,YES,AND,0,0,10/13/2025 6:33:57 PM
2364,4311,4304,EQUALS,YES,AND,0,0,10/13/2025 6:33:57 PM
2365,4312,4304,EQUALS,YES,AND,0,0,10/13/2025 6:33:57 PM
2366,4315,4314,EQUALS,YES,AND,0,0,10/13/2025 6:33:57 PM
2367,4316,4314,EQUALS,YES,AND,0,0,10/13/2025 6:33:57 PM
2368,4317,4314,EQUALS,YES,AND,0,0,10/13/2025 6:33:57 PM
2369,4318,4314,EQUALS,YES,AND,0,0,10/13/2025 6:33:57 PM
2370,4321,4314,EQUALS,YES,AND,0,0,10/13/2025 6:33:57 PM
2371,4324,4323,EQUALS,YES,AND,0,0,10/13/2025 6:33:57 PM
2372,4335,4334,EQUALS,YES,AND,0,0,10/13/2025 6:49:13 PM
2373,4338,4337,EQUALS,YES,AND,0,0,10/13/2025 6:49:13 PM
2374,4341,4340,EQUALS,YES,AND,0,0,10/13/2025 6:49:13 PM
2375,4349,4348,EQUALS,YES,AND,0,0,10/13/2025 6:49:13 PM
2376,4350,4348,EQUALS,YES,AND,0,0,10/13/2025 6:49:13 PM
2377,4351,4348,EQUALS,YES,AND,0,0,10/13/2025 6:49:13 PM
2378,4352,4348,EQUALS,YES,AND,0,0,10/13/2025 6:49:13 PM
2379,4355,4354,EQUALS,YES,AND,0,0,10/13/2025 6:49:13 PM
2380,4356,4354,EQUALS,YES,AND,0,0,10/13/2025 6:49:13 PM
2381,4357,4354,EQUALS,YES,AND,0,0,10/13/2025 6:49:13 PM
2382,4358,4354,EQUALS,YES,AND,0,0,10/13/2025 6:49:13 PM
2383,4361,4360,EQUALS,YES,AND,0,0,10/13/2025 6:49:13 PM
2384,4362,4360,EQUALS,YES,AND,0,0,10/13/2025 6:49:13 PM
2385,4363,4360,EQUALS,YES,AND,0,0,10/13/2025 6:49:13 PM
2386,4364,4360,EQUALS,YES,AND,0,0,10/13/2025 6:49:13 PM
2387,4368,4367,EQUALS,YES,AND,0,0,10/13/2025 6:49:13 PM
2388,4369,4367,EQUALS,YES,AND,0,0,10/13/2025 6:49:13 PM
2389,4370,4367,EQUALS,YES,AND,0,0,10/13/2025 6:49:13 PM
2390,4373,4372,EQUALS,YES,AND,0,0,10/13/2025 6:49:13 PM
2391,4374,4372,EQUALS,YES,AND,0,0,10/13/2025 6:49:13 PM
2392,4375,4372,EQUALS,YES,AND,0,0,10/13/2025 6:49:13 PM
2393,4376,4372,EQUALS,YES,AND,0,0,10/13/2025 6:49:13 PM
2394,4401,4400,EQUALS,YES,AND,0,0,10/13/2025 6:49:13 PM
2395,4404,4403,EQUALS,YES,AND,0,0,10/13/2025 6:49:13 PM
2396,4405,4403,EQUALS,YES,AND,0,0,10/13/2025 6:49:13 PM
2397,4406,4403,EQUALS,YES,AND,0,0,10/13/2025 6:49:13 PM
2398,4407,4403,EQUALS,YES,AND,0,0,10/13/2025 6:49:13 PM
2399,4410,4409,EQUALS,YES,AND,0,0,10/13/2025 6:49:13 PM
2400,4411,4409,EQUALS,YES,AND,0,0,10/13/2025 6:49:13 PM
2401,4412,4409,EQUALS,YES,AND,0,0,10/13/2025 6:49:13 PM
2402,4413,4409,EQUALS,YES,AND,0,0,10/13/2025 6:49:13 PM
2403,4414,4409,EQUALS,YES,AND,0,0,10/13/2025 6:49:13 PM
2404,4415,4409,EQUALS,YES,AND,0,0,10/13/2025 6:49:13 PM
2405,4416,4409,EQUALS,YES,AND,0,0,10/13/2025 6:49:13 PM
2406,4417,4409,EQUALS,YES,AND,0,0,10/13/2025 6:49:13 PM
2407,4421,4420,EQUALS,YES,AND,0,0,10/13/2025 6:49:13 PM
2408,4422,4420,EQUALS,YES,AND,0,0,10/13/2025 6:49:13 PM
2409,4423,4420,EQUALS,YES,AND,0,0,10/13/2025 6:49:13 PM
2410,4424,4420,EQUALS,YES,AND,0,0,10/13/2025 6:49:13 PM
2411,4427,4420,EQUALS,YES,AND,0,0,10/13/2025 6:49:13 PM
2412,4430,4429,EQUALS,YES,AND,0,0,10/13/2025 6:49:13 PM
2413,4441,4440,EQUALS,YES,AND,0,0,10/13/2025 6:52:32 PM
2414,4444,4443,EQUALS,YES,AND,0,0,10/13/2025 6:52:32 PM
2415,4447,4446,EQUALS,YES,AND,0,0,10/13/2025 6:52:32 PM
2416,4455,4454,EQUALS,YES,AND,0,0,10/13/2025 6:52:32 PM
2417,4456,4454,EQUALS,YES,AND,0,0,10/13/2025 6:52:32 PM
2418,4457,4454,EQUALS,YES,AND,0,0,10/13/2025 6:52:32 PM
2419,4458,4454,EQUALS,YES,AND,0,0,10/13/2025 6:52:32 PM
2420,4461,4460,EQUALS,YES,AND,0,0,10/13/2025 6:52:32 PM
2421,4462,4460,EQUALS,YES,AND,0,0,10/13/2025 6:52:32 PM
2422,4463,4460,EQUALS,YES,AND,0,0,10/13/2025 6:52:32 PM
2423,4464,4460,EQUALS,YES,AND,0,0,10/13/2025 6:52:32 PM
2424,4467,4466,EQUALS,YES,AND,0,0,10/13/2025 6:52:32 PM
2425,4468,4466,EQUALS,YES,AND,0,0,10/13/2025 6:52:32 PM
2426,4469,4466,EQUALS,YES,AND,0,0,10/13/2025 6:52:32 PM
2427,4470,4466,EQUALS,YES,AND,0,0,10/13/2025 6:52:32 PM
2428,4474,4473,EQUALS,YES,AND,0,0,10/13/2025 6:52:32 PM
2429,4475,4473,EQUALS,YES,AND,0,0,10/13/2025 6:52:32 PM
2430,4476,4473,EQUALS,YES,AND,0,0,10/13/2025 6:52:32 PM
2431,4479,4478,EQUALS,YES,AND,0,0,10/13/2025 6:52:32 PM
2432,4480,4478,EQUALS,YES,AND,0,0,10/13/2025 6:52:32 PM
2433,4481,4478,EQUALS,YES,AND,0,0,10/13/2025 6:52:32 PM
2434,4482,4478,EQUALS,YES,AND,0,0,10/13/2025 6:52:32 PM
2435,4506,4505,EQUALS,YES,AND,0,0,10/13/2025 6:52:32 PM
2436,4509,4508,EQUALS,YES,AND,0,0,10/13/2025 6:52:32 PM
2437,4510,4508,EQUALS,YES,AND,0,0,10/13/2025 6:52:32 PM
2438,4511,4508,EQUALS,YES,AND,0,0,10/13/2025 6:52:32 PM
2439,4512,4508,EQUALS,YES,AND,0,0,10/13/2025 6:52:32 PM
2440,4515,4514,EQUALS,YES,AND,0,0,10/13/2025 6:52:32 PM
2441,4516,4514,EQUALS,YES,AND,0,0,10/13/2025 6:52:32 PM
2442,4517,4514,EQUALS,YES,AND,0,0,10/13/2025 6:52:32 PM
2443,4518,4514,EQUALS,YES,AND,0,0,10/13/2025 6:52:32 PM
2444,4519,4514,EQUALS,YES,AND,0,0,10/13/2025 6:52:32 PM
2445,4520,4514,EQUALS,YES,AND,0,0,10/13/2025 6:52:32 PM
2446,4521,4514,EQUALS,YES,AND,0,0,10/13/2025 6:52:32 PM
2447,4522,4514,EQUALS,YES,AND,0,0,10/13/2025 6:52:32 PM
2448,4523,4514,EQUALS,YES,AND,0,0,10/13/2025 6:52:32 PM
2449,4526,4525,EQUALS,YES,AND,0,0,10/13/2025 6:52:32 PM
2450,4527,4525,EQUALS,YES,AND,0,0,10/13/2025 6:52:32 PM
2451,4528,4525,EQUALS,YES,AND,0,0,10/13/2025 6:52:32 PM
2452,4531,4525,EQUALS,YES,AND,0,0,10/13/2025 6:52:32 PM
2453,4534,4533,EQUALS,YES,AND,0,0,10/13/2025 6:52:32 PM
2454,4545,4544,EQUALS,YES,AND,0,0,10/13/2025 7:03:55 PM
2455,4548,4547,EQUALS,YES,AND,0,0,10/13/2025 7:03:55 PM
2456,4551,4550,EQUALS,YES,AND,0,0,10/13/2025 7:03:55 PM
2457,4559,4558,EQUALS,YES,AND,0,0,10/13/2025 7:03:55 PM
2458,4560,4558,EQUALS,YES,AND,0,0,10/13/2025 7:03:55 PM
2459,4561,4558,EQUALS,YES,AND,0,0,10/13/2025 7:03:55 PM
2460,4562,4558,EQUALS,YES,AND,0,0,10/13/2025 7:03:55 PM
2461,4565,4564,EQUALS,YES,AND,0,0,10/13/2025 7:03:55 PM
2462,4566,4564,EQUALS,YES,AND,0,0,10/13/2025 7:03:55 PM
2463,4567,4564,EQUALS,YES,AND,0,0,10/13/2025 7:03:55 PM
2464,4568,4564,EQUALS,YES,AND,0,0,10/13/2025 7:03:55 PM
2465,4571,4570,EQUALS,YES,AND,0,0,10/13/2025 7:03:55 PM
2466,4572,4570,EQUALS,YES,AND,0,0,10/13/2025 7:03:55 PM
2467,4573,4570,EQUALS,YES,AND,0,0,10/13/2025 7:03:55 PM
2468,4574,4570,EQUALS,YES,AND,0,0,10/13/2025 7:03:55 PM
2469,4578,4577,EQUALS,YES,AND,0,0,10/13/2025 7:03:55 PM
2470,4579,4577,EQUALS,YES,AND,0,0,10/13/2025 7:03:55 PM
2471,4580,4577,EQUALS,YES,AND,0,0,10/13/2025 7:03:55 PM
2472,4583,4582,EQUALS,YES,AND,0,0,10/13/2025 7:03:55 PM
2473,4584,4582,EQUALS,YES,AND,0,0,10/13/2025 7:03:55 PM
2474,4585,4582,EQUALS,YES,AND,0,0,10/13/2025 7:03:55 PM
2475,4586,4582,EQUALS,YES,AND,0,0,10/13/2025 7:03:55 PM
2476,4610,4609,EQUALS,YES,AND,0,0,10/13/2025 7:03:55 PM
2477,4613,4612,EQUALS,YES,AND,0,0,10/13/2025 7:03:55 PM
2478,4614,4612,EQUALS,YES,AND,0,0,10/13/2025 7:03:55 PM
2479,4615,4612,EQUALS,YES,AND,0,0,10/13/2025 7:03:55 PM
2480,4616,4612,EQUALS,YES,AND,0,0,10/13/2025 7:03:55 PM
2481,4619,4618,EQUALS,YES,AND,0,0,10/13/2025 7:03:55 PM
2482,4620,4618,EQUALS,YES,AND,0,0,10/13/2025 7:03:55 PM
2483,4621,4618,EQUALS,YES,AND,0,0,10/13/2025 7:03:55 PM
2484,4622,4618,EQUALS,YES,AND,0,0,10/13/2025 7:03:55 PM
2485,4623,4618,EQUALS,YES,AND,0,0,10/13/2025 7:03:55 PM
2486,4624,4618,EQUALS,YES,AND,0,0,10/13/2025 7:03:55 PM
2487,4625,4618,EQUALS,YES,AND,0,0,10/13/2025 7:03:55 PM
2488,4626,4618,EQUALS,YES,AND,0,0,10/13/2025 7:03:55 PM
2489,4627,4618,EQUALS,YES,AND,0,0,10/13/2025 7:03:55 PM
2490,4630,4629,EQUALS,YES,AND,0,0,10/13/2025 7:03:55 PM
2491,4631,4629,EQUALS,YES,AND,0,0,10/13/2025 7:03:55 PM
2492,4632,4629,EQUALS,YES,AND,0,0,10/13/2025 7:03:55 PM
2493,4635,4629,EQUALS,YES,AND,0,0,10/13/2025 7:03:55 PM
2494,4638,4637,EQUALS,YES,AND,0,0,10/13/2025 7:03:55 PM
2495,4690,4689,EQUALS,YES,AND,0,0,11/6/2025 3:59:52 PM
2496,4693,4692,EQUALS,YES,AND,0,0,11/6/2025 3:59:52 PM
2497,4696,4695,EQUALS,YES,AND,0,0,11/6/2025 3:59:52 PM
2498,4704,4703,EQUALS,YES,AND,0,0,11/6/2025 3:59:52 PM
2499,4705,4703,EQUALS,YES,AND,0,0,11/6/2025 3:59:52 PM
2500,4706,4703,EQUALS,YES,AND,0,0,11/6/2025 3:59:52 PM
2501,4707,4703,EQUALS,YES,AND,0,0,11/6/2025 3:59:52 PM
2502,4710,4709,EQUALS,YES,AND,0,0,11/6/2025 3:59:52 PM
2503,4711,4709,EQUALS,YES,AND,0,0,11/6/2025 3:59:52 PM
2504,4712,4709,EQUALS,YES,AND,0,0,11/6/2025 3:59:52 PM
2505,4713,4709,EQUALS,YES,AND,0,0,11/6/2025 3:59:52 PM
2506,4716,4715,EQUALS,YES,AND,0,0,11/6/2025 3:59:52 PM
2507,4717,4715,EQUALS,YES,AND,0,0,11/6/2025 3:59:52 PM
2508,4718,4715,EQUALS,YES,AND,0,0,11/6/2025 3:59:52 PM
2509,4719,4715,EQUALS,YES,AND,0,0,11/6/2025 3:59:52 PM
2510,4723,4722,EQUALS,YES,AND,0,0,11/6/2025 3:59:52 PM
2511,4724,4722,EQUALS,YES,AND,0,0,11/6/2025 3:59:52 PM
2512,4725,4722,EQUALS,YES,AND,0,0,11/6/2025 3:59:52 PM
2513,4728,4727,EQUALS,YES,AND,0,0,11/6/2025 3:59:52 PM
2514,4729,4727,EQUALS,YES,AND,0,0,11/6/2025 3:59:52 PM
2515,4730,4727,EQUALS,YES,AND,0,0,11/6/2025 3:59:52 PM
2516,4731,4727,EQUALS,YES,AND,0,0,11/6/2025 3:59:52 PM
2517,4755,4754,EQUALS,YES,AND,0,0,11/6/2025 3:59:52 PM
2518,4758,4757,EQUALS,YES,AND,0,0,11/6/2025 3:59:52 PM
2519,4759,4757,EQUALS,YES,AND,0,0,11/6/2025 3:59:52 PM
2520,4760,4757,EQUALS,YES,AND,0,0,11/6/2025 3:59:52 PM
2521,4761,4757,EQUALS,YES,AND,0,0,11/6/2025 3:59:52 PM
2522,4764,4763,EQUALS,YES,AND,0,0,11/6/2025 3:59:52 PM
2523,4765,4763,EQUALS,YES,AND,0,0,11/6/2025 3:59:52 PM
2524,4766,4763,EQUALS,YES,AND,0,0,11/6/2025 3:59:53 PM
2525,4767,4763,EQUALS,YES,AND,0,0,11/6/2025 3:59:53 PM
2526,4768,4763,EQUALS,YES,AND,0,0,11/6/2025 3:59:53 PM
2527,4769,4763,EQUALS,YES,AND,0,0,11/6/2025 3:59:53 PM
2528,4770,4763,EQUALS,YES,AND,0,0,11/6/2025 3:59:53 PM
2529,4771,4763,EQUALS,YES,AND,0,0,11/6/2025 3:59:53 PM
2530,4772,4763,EQUALS,YES,AND,0,0,11/6/2025 3:59:53 PM
2531,4775,4774,EQUALS,YES,AND,0,0,11/6/2025 3:59:53 PM
2532,4776,4774,EQUALS,YES,AND,0,0,11/6/2025 3:59:53 PM
2533,4777,4774,EQUALS,YES,AND,0,0,11/6/2025 3:59:53 PM
2534,4780,4779,EQUALS,YES,AND,0,0,11/6/2025 3:59:53 PM
2535,4783,4782,EQUALS,YES,AND,0,0,11/6/2025 3:59:53 PM
2536,4794,4793,EQUALS,YES,AND,0,0,11/11/2025 5:47:02 PM
2537,4797,4796,EQUALS,YES,AND,0,0,11/11/2025 5:47:02 PM
2538,4800,4799,EQUALS,YES,AND,0,0,11/11/2025 5:47:02 PM
2539,4803,4802,EQUALS,YES,AND,0,0,11/11/2025 5:47:03 PM
2540,4811,4810,EQUALS,YES,AND,0,0,11/11/2025 5:47:03 PM
2541,4812,4810,EQUALS,YES,AND,0,0,11/11/2025 5:47:03 PM
2542,4813,4810,EQUALS,YES,AND,0,0,11/11/2025 5:47:03 PM
2543,4814,4810,EQUALS,YES,AND,0,0,11/11/2025 5:47:03 PM
2544,4817,4816,EQUALS,YES,AND,0,0,11/11/2025 5:47:03 PM
2545,4818,4816,EQUALS,YES,AND,0,0,11/11/2025 5:47:03 PM
2546,4819,4816,EQUALS,YES,AND,0,0,11/11/2025 5:47:03 PM
2547,4820,4816,EQUALS,YES,AND,0,0,11/11/2025 5:47:03 PM
2548,4823,4822,EQUALS,YES,AND,0,0,11/11/2025 5:47:03 PM
2549,4824,4822,EQUALS,YES,AND,0,0,11/11/2025 5:47:03 PM
2550,4825,4822,EQUALS,YES,AND,0,0,11/11/2025 5:47:03 PM
2551,4826,4822,EQUALS,YES,AND,0,0,11/11/2025 5:47:03 PM
2552,4830,4829,EQUALS,YES,AND,0,0,11/11/2025 5:47:03 PM
2553,4831,4829,EQUALS,YES,AND,0,0,11/11/2025 5:47:03 PM
2554,4832,4829,EQUALS,YES,AND,0,0,11/11/2025 5:47:03 PM
2555,4835,4834,EQUALS,YES,AND,0,0,11/11/2025 5:47:03 PM
2556,4836,4834,EQUALS,YES,AND,0,0,11/11/2025 5:47:03 PM
2557,4837,4834,EQUALS,YES,AND,0,0,11/11/2025 5:47:03 PM
2558,4838,4834,EQUALS,YES,AND,0,0,11/11/2025 5:47:03 PM
2559,4862,4861,EQUALS,YES,AND,0,0,11/11/2025 5:47:03 PM
2560,4865,4864,EQUALS,YES,AND,0,0,11/11/2025 5:47:03 PM
2561,4866,4864,EQUALS,YES,AND,0,0,11/11/2025 5:47:03 PM
2562,4867,4864,EQUALS,YES,AND,0,0,11/11/2025 5:47:03 PM
2563,4868,4864,EQUALS,YES,AND,0,0,11/11/2025 5:47:03 PM
2564,4871,4870,EQUALS,YES,AND,0,0,11/11/2025 5:47:03 PM
2565,4872,4870,EQUALS,YES,AND,0,0,11/11/2025 5:47:03 PM
2566,4873,4870,EQUALS,YES,AND,0,0,11/11/2025 5:47:03 PM
2567,4874,4870,EQUALS,YES,AND,0,0,11/11/2025 5:47:03 PM
2568,4875,4870,EQUALS,YES,AND,0,0,11/11/2025 5:47:03 PM
2569,4876,4870,EQUALS,YES,AND,0,0,11/11/2025 5:47:03 PM
2570,4877,4870,EQUALS,YES,AND,0,0,11/11/2025 5:47:03 PM
2571,4878,4870,EQUALS,YES,AND,0,0,11/11/2025 5:47:03 PM
2572,4879,4870,EQUALS,YES,AND,0,0,11/11/2025 5:47:03 PM
2573,4882,4881,EQUALS,YES,AND,0,0,11/11/2025 5:47:03 PM
2574,4883,4881,EQUALS,YES,AND,0,0,11/11/2025 5:47:03 PM
2575,4884,4881,EQUALS,YES,AND,0,0,11/11/2025 5:47:03 PM
2576,4887,4886,EQUALS,YES,AND,0,0,11/11/2025 5:47:03 PM
2577,4890,4889,EQUALS,YES,AND,0,0,11/11/2025 5:47:03 PM
2578,4901,4900,EQUALS,YES,AND,0,0,11/11/2025 5:59:06 PM
2579,4904,4903,EQUALS,YES,AND,0,0,11/11/2025 5:59:06 PM
2580,4907,4906,EQUALS,YES,AND,0,0,11/11/2025 5:59:06 PM
2581,4910,4909,EQUALS,YES,AND,0,0,11/11/2025 5:59:06 PM
2582,4919,4918,EQUALS,YES,AND,0,0,11/11/2025 5:59:06 PM
2583,4920,4918,EQUALS,YES,AND,0,0,11/11/2025 5:59:06 PM
2584,4924,4923,EQUALS,YES,AND,0,0,11/11/2025 5:59:06 PM
2585,4925,4923,EQUALS,YES,AND,0,0,11/11/2025 5:59:06 PM
2586,4926,4923,EQUALS,YES,AND,0,0,11/11/2025 5:59:06 PM
2587,4927,4923,EQUALS,YES,AND,0,0,11/11/2025 5:59:06 PM
2588,4930,4929,EQUALS,YES,AND,0,0,11/11/2025 5:59:06 PM
2589,4931,4929,EQUALS,YES,AND,0,0,11/11/2025 5:59:06 PM
2590,4932,4929,EQUALS,YES,AND,0,0,11/11/2025 5:59:06 PM
2591,4933,4929,EQUALS,YES,AND,0,0,11/11/2025 5:59:06 PM
2592,4936,4935,EQUALS,YES,AND,0,0,11/11/2025 5:59:06 PM
2593,4937,4935,EQUALS,YES,AND,0,0,11/11/2025 5:59:06 PM
2594,4938,4935,EQUALS,YES,AND,0,0,11/11/2025 5:59:06 PM
2595,4939,4935,EQUALS,YES,AND,0,0,11/11/2025 5:59:06 PM
2596,4943,4942,EQUALS,YES,AND,0,0,11/11/2025 5:59:06 PM
2597,4944,4942,EQUALS,YES,AND,0,0,11/11/2025 5:59:06 PM
2598,4945,4942,EQUALS,YES,AND,0,0,11/11/2025 5:59:06 PM
2599,4948,4947,EQUALS,YES,AND,0,0,11/11/2025 5:59:06 PM
2600,4949,4947,EQUALS,YES,AND,0,0,11/11/2025 5:59:06 PM
2601,4950,4947,EQUALS,YES,AND,0,0,11/11/2025 5:59:06 PM
2602,4951,4947,EQUALS,YES,AND,0,0,11/11/2025 5:59:06 PM
2603,4975,4974,EQUALS,YES,AND,0,0,11/11/2025 5:59:06 PM
2604,4978,4977,EQUALS,YES,AND,0,0,11/11/2025 5:59:06 PM
2605,4979,4977,EQUALS,YES,AND,0,0,11/11/2025 5:59:06 PM
2606,4980,4977,EQUALS,YES,AND,0,0,11/11/2025 5:59:06 PM
2607,4981,4977,EQUALS,YES,AND,0,0,11/11/2025 5:59:06 PM
2608,4984,4983,EQUALS,YES,AND,0,0,11/11/2025 5:59:06 PM
2609,4985,4983,EQUALS,YES,AND,0,0,11/11/2025 5:59:06 PM
2610,4986,4983,EQUALS,YES,AND,0,0,11/11/2025 5:59:06 PM
2611,4987,4983,EQUALS,YES,AND,0,0,11/11/2025 5:59:06 PM
2612,4988,4983,EQUALS,YES,AND,0,0,11/11/2025 5:59:06 PM
2613,4989,4983,EQUALS,YES,AND,0,0,11/11/2025 5:59:06 PM
2614,4990,4983,EQUALS,YES,AND,0,0,11/11/2025 5:59:06 PM
2615,4991,4983,EQUALS,YES,AND,0,0,11/11/2025 5:59:06 PM
2616,4992,4983,EQUALS,YES,AND,0,0,11/11/2025 5:59:06 PM
2617,4995,4994,EQUALS,YES,AND,0,0,11/11/2025 5:59:06 PM
2618,4996,4994,EQUALS,YES,AND,0,0,11/11/2025 5:59:06 PM
2619,4997,4994,EQUALS,YES,AND,0,0,11/11/2025 5:59:06 PM
2620,5000,4999,EQUALS,YES,AND,0,0,11/11/2025 5:59:06 PM
2621,5003,5002,EQUALS,YES,AND,0,0,11/11/2025 5:59:06 PM
2622,5014,5013,EQUALS,YES,AND,0,0,11/11/2025 7:53:38 PM
2623,5017,5016,EQUALS,YES,AND,0,0,11/11/2025 7:53:38 PM
2624,5020,5019,EQUALS,YES,AND,0,0,11/11/2025 7:53:38 PM
2625,5023,5022,EQUALS,YES,AND,0,0,11/11/2025 7:53:38 PM
2626,5032,5031,EQUALS,YES,AND,0,0,11/11/2025 7:53:38 PM
2627,5033,5031,EQUALS,YES,AND,0,0,11/11/2025 7:53:38 PM
2628,5037,5036,EQUALS,YES,AND,0,0,11/11/2025 7:53:38 PM
2629,5038,5036,EQUALS,YES,AND,0,0,11/11/2025 7:53:38 PM
2630,5039,5036,EQUALS,YES,AND,0,0,11/11/2025 7:53:38 PM
2631,5040,5036,EQUALS,YES,AND,0,0,11/11/2025 7:53:38 PM
2632,5043,5042,EQUALS,YES,AND,0,0,11/11/2025 7:53:38 PM
2633,5044,5042,EQUALS,YES,AND,0,0,11/11/2025 7:53:38 PM
2634,5045,5042,EQUALS,YES,AND,0,0,11/11/2025 7:53:38 PM
2635,5046,5042,EQUALS,YES,AND,0,0,11/11/2025 7:53:38 PM
2636,5049,5048,EQUALS,YES,AND,0,0,11/11/2025 7:53:38 PM
2637,5050,5048,EQUALS,YES,AND,0,0,11/11/2025 7:53:38 PM
2638,5051,5048,EQUALS,YES,AND,0,0,11/11/2025 7:53:38 PM
2639,5052,5048,EQUALS,YES,AND,0,0,11/11/2025 7:53:38 PM
2640,5056,5055,EQUALS,YES,AND,0,0,11/11/2025 7:53:38 PM
2641,5057,5055,EQUALS,YES,AND,0,0,11/11/2025 7:53:38 PM
2642,5059,5058,EQUALS,YES,AND,0,0,11/11/2025 7:53:38 PM
2643,5060,5055,EQUALS,YES,AND,0,0,11/11/2025 7:53:38 PM
2644,5063,5062,EQUALS,YES,AND,0,0,11/11/2025 7:53:38 PM
2645,5064,5062,EQUALS,YES,AND,0,0,11/11/2025 7:53:38 PM
2646,5065,5062,EQUALS,YES,AND,0,0,11/11/2025 7:53:38 PM
2647,5066,5062,EQUALS,YES,AND,0,0,11/11/2025 7:53:38 PM
2648,5090,5089,EQUALS,YES,AND,0,0,11/11/2025 7:53:38 PM
2649,5093,5092,EQUALS,YES,AND,0,0,11/11/2025 7:53:38 PM
2650,5094,5092,EQUALS,YES,AND,0,0,11/11/2025 7:53:38 PM
2651,5095,5092,EQUALS,YES,AND,0,0,11/11/2025 7:53:38 PM
2652,5096,5092,EQUALS,YES,AND,0,0,11/11/2025 7:53:38 PM
2653,5099,5098,EQUALS,YES,AND,0,0,11/11/2025 7:53:38 PM
2654,5100,5098,EQUALS,YES,AND,0,0,11/11/2025 7:53:38 PM
2655,5101,5098,EQUALS,YES,AND,0,0,11/11/2025 7:53:38 PM
2656,5102,5098,EQUALS,YES,AND,0,0,11/11/2025 7:53:38 PM
2657,5103,5098,EQUALS,YES,AND,0,0,11/11/2025 7:53:38 PM
2658,5104,5098,EQUALS,YES,AND,0,0,11/11/2025 7:53:38 PM
2659,5105,5098,EQUALS,YES,AND,0,0,11/11/2025 7:53:38 PM
2660,5106,5098,EQUALS,YES,AND,0,0,11/11/2025 7:53:38 PM
2661,5107,5098,EQUALS,YES,AND,0,0,11/11/2025 7:53:38 PM
2662,5110,5109,EQUALS,YES,AND,0,0,11/11/2025 7:53:38 PM
2663,5111,5109,EQUALS,YES,AND,0,0,11/11/2025 7:53:38 PM
2664,5112,5109,EQUALS,YES,AND,0,0,11/11/2025 7:53:38 PM
2665,5115,5114,EQUALS,YES,AND,0,0,11/11/2025 7:53:38 PM
2666,5118,5117,EQUALS,YES,AND,0,0,11/11/2025 7:53:38 PM
2667,5129,5128,EQUALS,YES,AND,0,0,11/11/2025 7:56:11 PM
2668,5132,5131,EQUALS,YES,AND,0,0,11/11/2025 7:56:11 PM
2669,5135,5134,EQUALS,YES,AND,0,0,11/11/2025 7:56:11 PM
2670,5138,5137,EQUALS,YES,AND,0,0,11/11/2025 7:56:11 PM
2671,5147,5146,EQUALS,YES,AND,0,0,11/11/2025 7:56:11 PM
2672,5148,5146,EQUALS,YES,AND,0,0,11/11/2025 7:56:11 PM
2673,5152,5151,EQUALS,YES,AND,0,0,11/11/2025 7:56:11 PM
2674,5153,5151,EQUALS,YES,AND,0,0,11/11/2025 7:56:11 PM
2675,5154,5151,EQUALS,YES,AND,0,0,11/11/2025 7:56:11 PM
2676,5155,5151,EQUALS,YES,AND,0,0,11/11/2025 7:56:11 PM
2677,5158,5157,EQUALS,YES,AND,0,0,11/11/2025 7:56:11 PM
2678,5159,5157,EQUALS,YES,AND,0,0,11/11/2025 7:56:11 PM
2679,5160,5157,EQUALS,YES,AND,0,0,11/11/2025 7:56:11 PM
2680,5161,5157,EQUALS,YES,AND,0,0,11/11/2025 7:56:11 PM
2681,5164,5163,EQUALS,YES,AND,0,0,11/11/2025 7:56:11 PM
2682,5165,5163,EQUALS,YES,AND,0,0,11/11/2025 7:56:11 PM
2683,5166,5163,EQUALS,YES,AND,0,0,11/11/2025 7:56:11 PM
2684,5167,5163,EQUALS,YES,AND,0,0,11/11/2025 7:56:11 PM
2685,5171,5170,EQUALS,YES,AND,0,0,11/11/2025 7:56:11 PM
2686,5172,5170,EQUALS,YES,AND,0,0,11/11/2025 7:56:11 PM
2687,5173,5170,EQUALS,YES,AND,0,0,11/11/2025 7:56:11 PM
2688,5174,5173,EQUALS,YES,AND,0,0,11/11/2025 7:56:11 PM
2689,5174,5170,EQUALS,YES,AND,0,1,11/11/2025 7:56:11 PM
2690,5175,5170,EQUALS,YES,AND,0,0,11/11/2025 7:56:11 PM
2691,5178,5177,EQUALS,YES,AND,0,0,11/11/2025 7:56:11 PM
2692,5179,5177,EQUALS,YES,AND,0,0,11/11/2025 7:56:11 PM
2693,5180,5177,EQUALS,YES,AND,0,0,11/11/2025 7:56:11 PM
2694,5181,5177,EQUALS,YES,AND,0,0,11/11/2025 7:56:11 PM
2695,5205,5204,EQUALS,YES,AND,0,0,11/11/2025 7:56:11 PM
2696,5208,5207,EQUALS,YES,AND,0,0,11/11/2025 7:56:12 PM
2697,5209,5207,EQUALS,YES,AND,0,0,11/11/2025 7:56:12 PM
2698,5210,5207,EQUALS,YES,AND,0,0,11/11/2025 7:56:12 PM
2699,5211,5207,EQUALS,YES,AND,0,0,11/11/2025 7:56:12 PM
2700,5214,5213,EQUALS,YES,AND,0,0,11/11/2025 7:56:12 PM
2701,5215,5213,EQUALS,YES,AND,0,0,11/11/2025 7:56:12 PM
2702,5216,5213,EQUALS,YES,AND,0,0,11/11/2025 7:56:12 PM
2703,5217,5213,EQUALS,YES,AND,0,0,11/11/2025 7:56:12 PM
2704,5218,5213,EQUALS,YES,AND,0,0,11/11/2025 7:56:12 PM
2705,5219,5213,EQUALS,YES,AND,0,0,11/11/2025 7:56:12 PM
2706,5220,5213,EQUALS,YES,AND,0,0,11/11/2025 7:56:12 PM
2707,5221,5213,EQUALS,YES,AND,0,0,11/11/2025 7:56:12 PM
2708,5222,5213,EQUALS,YES,AND,0,0,11/11/2025 7:56:12 PM
2709,5225,5224,EQUALS,YES,AND,0,0,11/11/2025 7:56:12 PM
2710,5226,5224,EQUALS,YES,AND,0,0,11/11/2025 7:56:12 PM
2711,5227,5224,EQUALS,YES,AND,0,0,11/11/2025 7:56:12 PM
2712,5230,5229,EQUALS,YES,AND,0,0,11/11/2025 7:56:12 PM
2713,5233,5232,EQUALS,YES,AND,0,0,11/11/2025 7:56:12 PM
2714,5244,5243,EQUALS,YES,AND,0,0,11/11/2025 7:59:45 PM
2715,5247,5246,EQUALS,YES,AND,0,0,11/11/2025 7:59:45 PM
2716,5250,5249,EQUALS,YES,AND,0,0,11/11/2025 7:59:46 PM
2717,5253,5252,EQUALS,YES,AND,0,0,11/11/2025 7:59:46 PM
2718,5265,5264,EQUALS,YES,AND,0,0,11/11/2025 7:59:46 PM
2719,5266,5264,EQUALS,YES,AND,0,0,11/11/2025 7:59:46 PM
2720,5267,5264,EQUALS,YES,AND,0,0,11/11/2025 7:59:46 PM
2721,5268,5264,EQUALS,YES,AND,0,0,11/11/2025 7:59:46 PM
2722,5271,5270,EQUALS,YES,AND,0,0,11/11/2025 7:59:46 PM
2723,5272,5270,EQUALS,YES,AND,0,0,11/11/2025 7:59:46 PM
2724,5273,5270,EQUALS,YES,AND,0,0,11/11/2025 7:59:46 PM
2725,5274,5270,EQUALS,YES,AND,0,0,11/11/2025 7:59:46 PM
2726,5277,5276,EQUALS,YES,AND,0,0,11/11/2025 7:59:46 PM
2727,5278,5276,EQUALS,YES,AND,0,0,11/11/2025 7:59:46 PM
2728,5279,5276,EQUALS,YES,AND,0,0,11/11/2025 7:59:46 PM
2729,5280,5276,EQUALS,YES,AND,0,0,11/11/2025 7:59:46 PM
2730,5284,5283,EQUALS,YES,AND,0,0,11/11/2025 7:59:46 PM
2731,5285,5283,EQUALS,YES,AND,0,0,11/11/2025 7:59:46 PM
2732,5286,5283,EQUALS,YES,AND,0,0,11/11/2025 7:59:46 PM
2733,5287,5286,EQUALS,YES,AND,0,0,11/11/2025 7:59:46 PM
2734,5287,5283,EQUALS,YES,AND,0,1,11/11/2025 7:59:46 PM
2735,5288,5283,EQUALS,YES,AND,0,0,11/11/2025 7:59:46 PM
2736,5291,5290,EQUALS,YES,AND,0,0,11/11/2025 7:59:46 PM
2737,5292,5290,EQUALS,YES,AND,0,0,11/11/2025 7:59:46 PM
2738,5293,5290,EQUALS,YES,AND,0,0,11/11/2025 7:59:46 PM
2739,5294,5290,EQUALS,YES,AND,0,0,11/11/2025 7:59:46 PM
2740,5295,5290,EQUALS,YES,AND,0,0,11/11/2025 7:59:46 PM
2741,5296,5290,EQUALS,YES,AND,0,0,11/11/2025 7:59:46 PM
2742,5320,5319,EQUALS,YES,AND,0,0,11/11/2025 7:59:46 PM
2743,5323,5322,EQUALS,YES,AND,0,0,11/11/2025 7:59:46 PM
2744,5324,5322,EQUALS,YES,AND,0,0,11/11/2025 7:59:46 PM
2745,5325,5322,EQUALS,YES,AND,0,0,11/11/2025 7:59:46 PM
2746,5326,5322,EQUALS,YES,AND,0,0,11/11/2025 7:59:46 PM
2747,5329,5328,EQUALS,YES,AND,0,0,11/11/2025 7:59:46 PM
2748,5330,5328,EQUALS,YES,AND,0,0,11/11/2025 7:59:46 PM
2749,5331,5328,EQUALS,YES,AND,0,0,11/11/2025 7:59:46 PM
2750,5332,5328,EQUALS,YES,AND,0,0,11/11/2025 7:59:46 PM
2751,5333,5328,EQUALS,YES,AND,0,0,11/11/2025 7:59:46 PM
2752,5334,5328,EQUALS,YES,AND,0,0,11/11/2025 7:59:46 PM
2753,5335,5328,EQUALS,YES,AND,0,0,11/11/2025 7:59:46 PM
2754,5336,5328,EQUALS,YES,AND,0,0,11/11/2025 7:59:46 PM
2755,5337,5328,EQUALS,YES,AND,0,0,11/11/2025 7:59:46 PM
2756,5340,5339,EQUALS,YES,AND,0,0,11/11/2025 7:59:46 PM
2757,5341,5339,EQUALS,YES,AND,0,0,11/11/2025 7:59:46 PM
2758,5342,5339,EQUALS,YES,AND,0,0,11/11/2025 7:59:46 PM
2759,5345,5344,EQUALS,YES,AND,0,0,11/11/2025 7:59:46 PM
2760,5348,5347,EQUALS,YES,AND,0,0,11/11/2025 7:59:46 PM
2761,5359,5358,EQUALS,YES,AND,0,0,11/11/2025 8:07:42 PM
2762,5362,5361,EQUALS,YES,AND,0,0,11/11/2025 8:07:42 PM
2763,5365,5364,EQUALS,YES,AND,0,0,11/11/2025 8:07:42 PM
2764,5368,5367,EQUALS,YES,AND,0,0,11/11/2025 8:07:42 PM
2765,5379,5378,EQUALS,YES,AND,0,0,11/11/2025 8:07:42 PM
2766,5380,5378,EQUALS,YES,AND,0,0,11/11/2025 8:07:42 PM
2767,5381,5378,EQUALS,YES,AND,0,0,11/11/2025 8:07:42 PM
2768,5382,5378,EQUALS,YES,AND,0,0,11/11/2025 8:07:42 PM
2769,5385,5384,EQUALS,YES,AND,0,0,11/11/2025 8:07:42 PM
2770,5386,5384,EQUALS,YES,AND,0,0,11/11/2025 8:07:42 PM
2771,5387,5384,EQUALS,YES,AND,0,0,11/11/2025 8:07:42 PM
2772,5388,5384,EQUALS,YES,AND,0,0,11/11/2025 8:07:42 PM
2773,5391,5390,EQUALS,YES,AND,0,0,11/11/2025 8:07:42 PM
2774,5392,5390,EQUALS,YES,AND,0,0,11/11/2025 8:07:42 PM
2775,5393,5390,EQUALS,YES,AND,0,0,11/11/2025 8:07:42 PM
2776,5394,5390,EQUALS,YES,AND,0,0,11/11/2025 8:07:42 PM
2777,5398,5397,EQUALS,YES,AND,0,0,11/11/2025 8:07:42 PM
2778,5399,5397,EQUALS,YES,AND,0,0,11/11/2025 8:07:42 PM
2779,5400,5397,EQUALS,YES,AND,0,0,11/11/2025 8:07:42 PM
2780,5401,5400,EQUALS,YES,AND,0,0,11/11/2025 8:07:42 PM
2781,5401,5397,EQUALS,YES,AND,0,1,11/11/2025 8:07:42 PM
2782,5402,5397,EQUALS,YES,AND,0,0,11/11/2025 8:07:42 PM
2783,5405,5404,EQUALS,YES,AND,0,0,11/11/2025 8:07:42 PM
2784,5406,5404,EQUALS,YES,AND,0,0,11/11/2025 8:07:42 PM
2785,5407,5404,EQUALS,YES,AND,0,0,11/11/2025 8:07:42 PM
2786,5408,5404,EQUALS,YES,AND,0,0,11/11/2025 8:07:42 PM
2787,5409,5404,EQUALS,YES,AND,0,0,11/11/2025 8:07:42 PM
2788,5410,5404,EQUALS,YES,AND,0,0,11/11/2025 8:07:42 PM
2789,5428,5427,EQUALS,YES,AND,0,0,11/11/2025 8:07:43 PM
2790,5435,5434,EQUALS,YES,AND,0,0,11/11/2025 8:07:43 PM
2791,5438,5437,EQUALS,YES,AND,0,0,11/11/2025 8:07:43 PM
2792,5439,5437,EQUALS,YES,AND,0,0,11/11/2025 8:07:43 PM
2793,5440,5437,EQUALS,YES,AND,0,0,11/11/2025 8:07:43 PM
2794,5441,5437,EQUALS,YES,AND,0,0,11/11/2025 8:07:43 PM
2795,5444,5443,EQUALS,YES,AND,0,0,11/11/2025 8:07:43 PM
2796,5445,5443,EQUALS,YES,AND,0,0,11/11/2025 8:07:43 PM
2797,5446,5443,EQUALS,YES,AND,0,0,11/11/2025 8:07:43 PM
2798,5447,5443,EQUALS,YES,AND,0,0,11/11/2025 8:07:43 PM
2799,5448,5443,EQUALS,YES,AND,0,0,11/11/2025 8:07:43 PM
2800,5449,5443,EQUALS,YES,AND,0,0,11/11/2025 8:07:43 PM
2801,5450,5443,EQUALS,YES,AND,0,0,11/11/2025 8:07:43 PM
2802,5451,5443,EQUALS,YES,AND,0,0,11/11/2025 8:07:43 PM
2803,5452,5443,EQUALS,YES,AND,0,0,11/11/2025 8:07:43 PM
2804,5455,5454,EQUALS,YES,AND,0,0,11/11/2025 8:07:43 PM
2805,5456,5454,EQUALS,YES,AND,0,0,11/11/2025 8:07:43 PM
2806,5457,5454,EQUALS,YES,AND,0,0,11/11/2025 8:07:43 PM
2807,5460,5459,EQUALS,YES,AND,0,0,11/11/2025 8:07:43 PM
2808,5463,5462,EQUALS,YES,AND,0,0,11/11/2025 8:07:43 PM
2809,5470,5469,EQUALS,YES,AND,0,0,11/11/2025 8:20:23 PM
2810,5471,5469,EQUALS,YES,AND,0,0,11/11/2025 8:20:23 PM
2811,5472,5469,EQUALS,YES,AND,0,0,11/11/2025 8:20:23 PM
2812,5473,5469,EQUALS,YES,AND,0,0,11/11/2025 8:20:23 PM
2813,5477,5476,EQUALS,YES,AND,0,0,11/11/2025 8:20:23 PM
2814,5480,5479,EQUALS,YES,AND,0,0,11/11/2025 8:20:23 PM
2815,5483,5482,EQUALS,YES,AND,0,0,11/11/2025 8:20:23 PM
2816,5486,5485,EQUALS,YES,AND,0,0,11/11/2025 8:20:23 PM
2817,5497,5496,EQUALS,YES,AND,0,0,11/11/2025 8:20:23 PM
2818,5498,5496,EQUALS,YES,AND,0,0,11/11/2025 8:20:23 PM
2819,5499,5496,EQUALS,YES,AND,0,0,11/11/2025 8:20:24 PM
2820,5500,5496,EQUALS,YES,AND,0,0,11/11/2025 8:20:24 PM
2821,5503,5502,EQUALS,YES,AND,0,0,11/11/2025 8:20:24 PM
2822,5504,5502,EQUALS,YES,AND,0,0,11/11/2025 8:20:24 PM
2823,5505,5502,EQUALS,YES,AND,0,0,11/11/2025 8:20:24 PM
2824,5506,5502,EQUALS,YES,AND,0,0,11/11/2025 8:20:24 PM
2825,5509,5508,EQUALS,YES,AND,0,0,11/11/2025 8:20:24 PM
2826,5510,5508,EQUALS,YES,AND,0,0,11/11/2025 8:20:24 PM
2827,5511,5508,EQUALS,YES,AND,0,0,11/11/2025 8:20:24 PM
2828,5512,5508,EQUALS,YES,AND,0,0,11/11/2025 8:20:24 PM
2829,5516,5515,EQUALS,YES,AND,0,0,11/11/2025 8:20:24 PM
2830,5517,5515,EQUALS,YES,AND,0,0,11/11/2025 8:20:24 PM
2831,5518,5515,EQUALS,YES,AND,0,0,11/11/2025 8:20:24 PM
2832,5519,5518,EQUALS,YES,AND,0,0,11/11/2025 8:20:24 PM
2833,5519,5515,EQUALS,YES,AND,0,1,11/11/2025 8:20:24 PM
2834,5520,5515,EQUALS,YES,AND,0,0,11/11/2025 8:20:24 PM
2835,5523,5522,EQUALS,YES,AND,0,0,11/11/2025 8:20:24 PM
2836,5524,5522,EQUALS,YES,AND,0,0,11/11/2025 8:20:24 PM
2837,5525,5522,EQUALS,YES,AND,0,0,11/11/2025 8:20:24 PM
2838,5526,5522,EQUALS,YES,AND,0,0,11/11/2025 8:20:24 PM
2839,5527,5522,EQUALS,YES,AND,0,0,11/11/2025 8:20:24 PM
2840,5528,5522,EQUALS,YES,AND,0,0,11/11/2025 8:20:24 PM
2841,5546,5545,EQUALS,YES,AND,0,0,11/11/2025 8:20:24 PM
2842,5553,5552,EQUALS,YES,AND,0,0,11/11/2025 8:20:24 PM
2843,5556,5555,EQUALS,YES,AND,0,0,11/11/2025 8:20:24 PM
2844,5557,5555,EQUALS,YES,AND,0,0,11/11/2025 8:20:24 PM
2845,5558,5555,EQUALS,YES,AND,0,0,11/11/2025 8:20:24 PM
2846,5559,5555,EQUALS,YES,AND,0,0,11/11/2025 8:20:24 PM
2847,5562,5561,EQUALS,YES,AND,0,0,11/11/2025 8:20:24 PM
2848,5563,5561,EQUALS,YES,AND,0,0,11/11/2025 8:20:24 PM
2849,5564,5561,EQUALS,YES,AND,0,0,11/11/2025 8:20:24 PM
2850,5565,5561,EQUALS,YES,AND,0,0,11/11/2025 8:20:24 PM
2851,5566,5561,EQUALS,YES,AND,0,0,11/11/2025 8:20:24 PM
2852,5567,5561,EQUALS,YES,AND,0,0,11/11/2025 8:20:24 PM
2853,5568,5561,EQUALS,YES,AND,0,0,11/11/2025 8:20:24 PM
2854,5569,5561,EQUALS,YES,AND,0,0,11/11/2025 8:20:24 PM
2855,5570,5561,EQUALS,YES,AND,0,0,11/11/2025 8:20:24 PM
2856,5573,5572,EQUALS,YES,AND,0,0,11/11/2025 8:20:24 PM
2857,5574,5572,EQUALS,YES,AND,0,0,11/11/2025 8:20:24 PM
2858,5575,5572,EQUALS,YES,AND,0,0,11/11/2025 8:20:24 PM
2859,5578,5577,EQUALS,YES,AND,0,0,11/11/2025 8:20:24 PM
2860,5581,5580,EQUALS,YES,AND,0,0,11/11/2025 8:20:24 PM
2861,5588,5587,EQUALS,1,AND,0,0,11/11/2025 8:25:01 PM
2862,5588,5587,EQUALS,2,OR,1,1,11/11/2025 8:25:01 PM
2863,5588,5587,EQUALS,3,OR,2,2,11/11/2025 8:25:01 PM
2864,5589,5587,EQUALS,1,AND,0,0,11/11/2025 8:25:01 PM
2865,5589,5587,EQUALS,2,OR,1,1,11/11/2025 8:25:01 PM
2866,5589,5587,EQUALS,3,OR,2,2,11/11/2025 8:25:01 PM
2867,5590,5587,EQUALS,1,AND,0,0,11/11/2025 8:25:01 PM
2868,5590,5587,EQUALS,2,OR,1,1,11/11/2025 8:25:01 PM
2869,5590,5587,EQUALS,3,OR,2,2,11/11/2025 8:25:01 PM
2870,5591,5587,EQUALS,2,OR,0,0,11/11/2025 8:25:01 PM
2871,5591,5587,EQUALS,3,OR,1,1,11/11/2025 8:25:01 PM
2872,5592,5587,EQUALS,2,AND,0,0,11/11/2025 8:25:01 PM
2873,5592,5587,EQUALS,3,OR,1,1,11/11/2025 8:25:01 PM
2874,5593,5592,EQUALS,YES,AND,0,0,11/11/2025 8:25:01 PM
2875,5594,5593,EQUALS,YES,AND,0,0,11/11/2025 8:25:01 PM
2876,5594,5592,EQUALS,YES,AND,0,1,11/11/2025 8:25:01 PM
2877,5595,5587,EQUALS,2,AND,0,0,11/11/2025 8:25:01 PM
2878,5595,5587,EQUALS,3,AND,1,1,11/11/2025 8:25:01 PM
2879,5596,5587,EQUALS,2,AND,0,0,11/11/2025 8:25:01 PM
2880,5596,5587,EQUALS,3,AND,1,1,11/11/2025 8:25:01 PM
2881,5597,5596,EQUALS,YES,AND,0,0,11/11/2025 8:25:01 PM
2882,5598,5596,EQUALS,YES,AND,0,0,11/11/2025 8:25:01 PM
2883,5598,5597,EQUALS,YES,AND,0,1,11/11/2025 8:25:01 PM
2884,5599,5587,EQUALS,2,AND,0,0,11/11/2025 8:25:01 PM
2885,5599,5587,EQUALS,3,AND,1,1,11/11/2025 8:25:01 PM
2886,5600,5587,EQUALS,2,AND,0,0,11/11/2025 8:25:01 PM
2887,5600,5587,EQUALS,3,AND,1,1,11/11/2025 8:25:01 PM
2888,5601,5600,EQUALS,YES,AND,0,0,11/11/2025 8:25:01 PM
2889,5602,5601,EQUALS,YES,AND,0,0,11/11/2025 8:25:01 PM
2890,5602,5600,EQUALS,YES,AND,0,1,11/11/2025 8:25:01 PM
2891,5603,5600,EQUALS,YES,AND,0,0,11/11/2025 8:25:01 PM
2892,5603,5601,EQUALS,YES,AND,0,1,11/11/2025 8:25:01 PM
2893,5603,5602,EQUALS,YES,AND,0,2,11/11/2025 8:25:01 PM
2894,5604,5587,EQUALS,4,AND,0,0,11/11/2025 8:25:01 PM
2895,5605,5587,EQUALS,4,AND,0,0,11/11/2025 8:25:01 PM
2896,5606,5587,EQUALS,4,AND,0,0,11/11/2025 8:25:01 PM
2897,5607,5587,EQUALS,4,AND,0,0,11/11/2025 8:25:01 PM
2898,5607,5606,EQUALS,YES,AND,0,1,11/11/2025 8:25:01 PM
2899,5608,5587,EQUALS,5,AND,0,0,11/11/2025 8:25:01 PM
2900,5609,5587,EQUALS,5,AND,0,0,11/11/2025 8:25:01 PM
2901,5610,5587,EQUALS,5,AND,0,0,11/11/2025 8:25:01 PM
2902,5611,5587,EQUALS,5,AND,0,0,11/11/2025 8:25:01 PM
2903,5611,5610,EQUALS,YES,AND,0,1,11/11/2025 8:25:01 PM
2904,5612,5587,EQUALS,6,AND,0,0,11/11/2025 8:25:01 PM
2905,5613,5587,EQUALS,6,AND,0,0,11/11/2025 8:25:01 PM
2906,5614,5587,EQUALS,6,AND,0,0,11/11/2025 8:25:01 PM
2907,5615,5587,EQUALS,6,AND,0,0,11/11/2025 8:25:01 PM
2908,5615,5614,EQUALS,YES,AND,0,1,11/11/2025 8:25:01 PM
2909,5621,5620,EQUALS,YES,AND,0,0,11/11/2025 8:25:01 PM
2910,5624,5623,EQUALS,YES,AND,0,0,11/11/2025 8:25:01 PM
2911,5627,5626,EQUALS,YES,AND,0,0,11/11/2025 8:25:01 PM
2912,5630,5629,EQUALS,YES,AND,0,0,11/11/2025 8:25:01 PM
2913,5634,5633,EQUALS,,AND,0,0,11/11/2025 8:25:01 PM
2914,5635,5633,EQUALS,YES,AND,0,0,11/11/2025 8:25:01 PM
2915,5638,5637,EQUALS,YES,AND,0,0,11/11/2025 8:25:01 PM
2916,5639,5637,EQUALS,YES,AND,0,0,11/11/2025 8:25:01 PM
2917,5640,5637,EQUALS,YES,AND,0,0,11/11/2025 8:25:01 PM
2918,5647,5646,EQUALS,YES,AND,0,0,11/11/2025 8:25:01 PM
2919,5648,5646,EQUALS,YES,AND,0,0,11/11/2025 8:25:01 PM
2920,5649,5646,EQUALS,YES,AND,0,0,11/11/2025 8:25:01 PM
2921,5650,5646,EQUALS,YES,AND,0,0,11/11/2025 8:25:01 PM
2922,5653,5652,EQUALS,,AND,0,0,11/11/2025 8:25:01 PM
2923,5654,5652,EQUALS,YES,AND,0,0,11/11/2025 8:25:01 PM
2924,5655,5652,EQUALS,YES,AND,0,0,11/11/2025 8:25:01 PM
2925,5656,5652,EQUALS,YES,AND,0,0,11/11/2025 8:25:01 PM
2926,5657,5652,EQUALS,YES,AND,0,0,11/11/2025 8:25:01 PM
2927,5658,5652,EQUALS,YES,AND,0,0,11/11/2025 8:25:01 PM
2928,5659,5652,EQUALS,YES,AND,0,0,11/11/2025 8:25:01 PM
2929,5660,5652,EQUALS,YES,AND,0,0,11/11/2025 8:25:01 PM
2930,5661,5652,EQUALS,YES,AND,0,0,11/11/2025 8:25:01 PM
2931,5664,5663,EQUALS,YES,AND,0,0,11/11/2025 8:25:01 PM
2932,5665,5663,EQUALS,YES,AND,0,0,11/11/2025 8:25:01 PM
2933,5666,5663,EQUALS,YES,AND,0,0,11/11/2025 8:25:01 PM
2934,5669,5668,EQUALS,YES,AND,0,0,11/11/2025 8:25:01 PM
2935,5672,5671,EQUALS,YES,AND,0,0,11/11/2025 8:25:01 PM
2936,5679,5678,EQUALS,1,AND,0,0,11/11/2025 8:27:18 PM
2937,5679,5678,EQUALS,2,OR,1,1,11/11/2025 8:27:18 PM
2938,5679,5678,EQUALS,3,OR,2,2,11/11/2025 8:27:18 PM
2939,5680,5678,EQUALS,1,AND,0,0,11/11/2025 8:27:18 PM
2940,5680,5678,EQUALS,2,OR,1,1,11/11/2025 8:27:18 PM
2941,5680,5678,EQUALS,3,OR,2,2,11/11/2025 8:27:18 PM
2942,5681,5680,EQUALS,YES,AND,0,0,11/11/2025 8:27:18 PM
2943,5682,5678,EQUALS,2,OR,0,0,11/11/2025 8:27:18 PM
2944,5682,5678,EQUALS,3,OR,1,1,11/11/2025 8:27:18 PM
2945,5683,5678,EQUALS,2,AND,0,0,11/11/2025 8:27:18 PM
2946,5683,5678,EQUALS,3,OR,1,1,11/11/2025 8:27:18 PM
2947,5684,5683,EQUALS,YES,AND,0,0,11/11/2025 8:27:18 PM
2948,5685,5684,EQUALS,YES,AND,0,0,11/11/2025 8:27:18 PM
2949,5685,5683,EQUALS,YES,AND,0,1,11/11/2025 8:27:18 PM
2950,5686,5678,EQUALS,2,AND,0,0,11/11/2025 8:27:18 PM
2951,5686,5678,EQUALS,3,AND,1,1,11/11/2025 8:27:18 PM
2952,5687,5678,EQUALS,2,AND,0,0,11/11/2025 8:27:18 PM
2953,5687,5678,EQUALS,3,AND,1,1,11/11/2025 8:27:18 PM
2954,5688,5687,EQUALS,YES,AND,0,0,11/11/2025 8:27:18 PM
2955,5689,5687,EQUALS,YES,AND,0,0,11/11/2025 8:27:18 PM
2956,5689,5688,EQUALS,YES,AND,0,1,11/11/2025 8:27:18 PM
2957,5690,5678,EQUALS,2,AND,0,0,11/11/2025 8:27:18 PM
2958,5690,5678,EQUALS,3,AND,1,1,11/11/2025 8:27:18 PM
2959,5691,5678,EQUALS,2,AND,0,0,11/11/2025 8:27:18 PM
2960,5691,5678,EQUALS,3,AND,1,1,11/11/2025 8:27:18 PM
2961,5692,5691,EQUALS,YES,AND,0,0,11/11/2025 8:27:18 PM
2962,5693,5692,EQUALS,YES,AND,0,0,11/11/2025 8:27:18 PM
2963,5693,5691,EQUALS,YES,AND,0,1,11/11/2025 8:27:18 PM
2964,5694,5691,EQUALS,YES,AND,0,0,11/11/2025 8:27:18 PM
2965,5694,5692,EQUALS,YES,AND,0,1,11/11/2025 8:27:18 PM
2966,5694,5693,EQUALS,YES,AND,0,2,11/11/2025 8:27:18 PM
2967,5695,5678,EQUALS,4,AND,0,0,11/11/2025 8:27:18 PM
2968,5696,5678,EQUALS,4,AND,0,0,11/11/2025 8:27:18 PM
2969,5697,5678,EQUALS,4,AND,0,0,11/11/2025 8:27:18 PM
2970,5698,5678,EQUALS,4,AND,0,0,11/11/2025 8:27:18 PM
2971,5698,5697,EQUALS,YES,AND,0,1,11/11/2025 8:27:18 PM
2972,5699,5678,EQUALS,5,AND,0,0,11/11/2025 8:27:18 PM
2973,5700,5678,EQUALS,5,AND,0,0,11/11/2025 8:27:18 PM
2974,5701,5678,EQUALS,5,AND,0,0,11/11/2025 8:27:18 PM
2975,5702,5678,EQUALS,5,AND,0,0,11/11/2025 8:27:18 PM
2976,5702,5701,EQUALS,YES,AND,0,1,11/11/2025 8:27:18 PM
2977,5703,5678,EQUALS,6,AND,0,0,11/11/2025 8:27:18 PM
2978,5704,5678,EQUALS,6,AND,0,0,11/11/2025 8:27:18 PM
2979,5705,5678,EQUALS,6,AND,0,0,11/11/2025 8:27:18 PM
2980,5706,5678,EQUALS,6,AND,0,0,11/11/2025 8:27:18 PM
2981,5706,5705,EQUALS,YES,AND,0,1,11/11/2025 8:27:18 PM
2982,5712,5711,EQUALS,YES,AND,0,0,11/11/2025 8:27:18 PM
2983,5715,5714,EQUALS,YES,AND,0,0,11/11/2025 8:27:18 PM
2984,5718,5717,EQUALS,YES,AND,0,0,11/11/2025 8:27:19 PM
2985,5721,5720,EQUALS,YES,AND,0,0,11/11/2025 8:27:19 PM
2986,5725,5724,EQUALS,,AND,0,0,11/11/2025 8:27:19 PM
2987,5726,5724,EQUALS,YES,AND,0,0,11/11/2025 8:27:19 PM
2988,5729,5728,EQUALS,YES,AND,0,0,11/11/2025 8:27:19 PM
2989,5730,5728,EQUALS,YES,AND,0,0,11/11/2025 8:27:19 PM
2990,5731,5728,EQUALS,YES,AND,0,0,11/11/2025 8:27:19 PM
2991,5738,5737,EQUALS,YES,AND,0,0,11/11/2025 8:27:19 PM
2992,5739,5737,EQUALS,YES,AND,0,0,11/11/2025 8:27:19 PM
2993,5740,5737,EQUALS,YES,AND,0,0,11/11/2025 8:27:19 PM
2994,5741,5737,EQUALS,YES,AND,0,0,11/11/2025 8:27:19 PM
2995,5744,5743,EQUALS,,AND,0,0,11/11/2025 8:27:19 PM
2996,5745,5743,EQUALS,YES,AND,0,0,11/11/2025 8:27:19 PM
2997,5746,5743,EQUALS,YES,AND,0,0,11/11/2025 8:27:19 PM
2998,5747,5743,EQUALS,YES,AND,0,0,11/11/2025 8:27:19 PM
2999,5748,5743,EQUALS,YES,AND,0,0,11/11/2025 8:27:19 PM
3000,5749,5743,EQUALS,YES,AND,0,0,11/11/2025 8:27:19 PM
3001,5750,5743,EQUALS,YES,AND,0,0,11/11/2025 8:27:19 PM
3002,5751,5743,EQUALS,YES,AND,0,0,11/11/2025 8:27:19 PM
3003,5752,5743,EQUALS,YES,AND,0,0,11/11/2025 8:27:19 PM
3004,5755,5754,EQUALS,YES,AND,0,0,11/11/2025 8:27:19 PM
3005,5756,5754,EQUALS,YES,AND,0,0,11/11/2025 8:27:19 PM
3006,5757,5754,EQUALS,YES,AND,0,0,11/11/2025 8:27:19 PM
3007,5760,5759,EQUALS,YES,AND,0,0,11/11/2025 8:27:19 PM
3008,5763,5762,EQUALS,YES,AND,0,0,11/11/2025 8:27:19 PM
3009,5770,5769,EQUALS,1,AND,0,0,11/20/2025 4:19:32 PM
3010,5770,5769,EQUALS,2,OR,1,1,11/20/2025 4:19:32 PM
3011,5770,5769,EQUALS,3,OR,2,2,11/20/2025 4:19:32 PM
3012,5771,5769,EQUALS,1,AND,0,0,11/20/2025 4:19:32 PM
3013,5771,5769,EQUALS,2,OR,1,1,11/20/2025 4:19:32 PM
3014,5771,5769,EQUALS,3,OR,2,2,11/20/2025 4:19:32 PM
3015,5772,5771,EQUALS,YES,AND,0,0,11/20/2025 4:19:32 PM
3016,5773,5769,EQUALS,2,OR,0,0,11/20/2025 4:19:32 PM
3017,5773,5769,EQUALS,3,OR,1,1,11/20/2025 4:19:32 PM
3018,5774,5769,EQUALS,2,AND,0,0,11/20/2025 4:19:32 PM
3019,5774,5769,EQUALS,3,OR,1,1,11/20/2025 4:19:32 PM
3020,5775,5774,EQUALS,YES,AND,0,0,11/20/2025 4:19:32 PM
3021,5776,5775,EQUALS,YES,AND,0,0,11/20/2025 4:19:32 PM
3022,5776,5774,EQUALS,YES,AND,0,1,11/20/2025 4:19:32 PM
3023,5777,5769,EQUALS,2,AND,0,0,11/20/2025 4:19:32 PM
3024,5777,5769,EQUALS,3,AND,1,1,11/20/2025 4:19:32 PM
3025,5778,5769,EQUALS,2,AND,0,0,11/20/2025 4:19:32 PM
3026,5778,5769,EQUALS,3,AND,1,1,11/20/2025 4:19:32 PM
3027,5779,5778,EQUALS,YES,AND,0,0,11/20/2025 4:19:32 PM
3028,5780,5778,EQUALS,YES,AND,0,0,11/20/2025 4:19:32 PM
3029,5780,5779,EQUALS,YES,AND,0,1,11/20/2025 4:19:32 PM
3030,5781,5769,EQUALS,2,AND,0,0,11/20/2025 4:19:32 PM
3031,5781,5769,EQUALS,3,AND,1,1,11/20/2025 4:19:32 PM
3032,5782,5769,EQUALS,2,AND,0,0,11/20/2025 4:19:32 PM
3033,5782,5769,EQUALS,3,AND,1,1,11/20/2025 4:19:32 PM
3034,5783,5782,EQUALS,YES,AND,0,0,11/20/2025 4:19:32 PM
3035,5784,5783,EQUALS,YES,AND,0,0,11/20/2025 4:19:32 PM
3036,5784,5782,EQUALS,YES,AND,0,1,11/20/2025 4:19:32 PM
3037,5785,5782,EQUALS,YES,AND,0,0,11/20/2025 4:19:32 PM
3038,5785,5783,EQUALS,YES,AND,0,1,11/20/2025 4:19:32 PM
3039,5785,5784,EQUALS,YES,AND,0,2,11/20/2025 4:19:32 PM
3040,5786,5769,EQUALS,4,AND,0,0,11/20/2025 4:19:32 PM
3041,5787,5769,EQUALS,4,AND,0,0,11/20/2025 4:19:32 PM
3042,5788,5769,EQUALS,4,AND,0,0,11/20/2025 4:19:32 PM
3043,5789,5769,EQUALS,4,AND,0,0,11/20/2025 4:19:32 PM
3044,5789,5788,EQUALS,YES,AND,0,1,11/20/2025 4:19:32 PM
3045,5790,5769,EQUALS,5,AND,0,0,11/20/2025 4:19:32 PM
3046,5791,5769,EQUALS,5,AND,0,0,11/20/2025 4:19:32 PM
3047,5792,5769,EQUALS,5,AND,0,0,11/20/2025 4:19:32 PM
3048,5793,5769,EQUALS,5,AND,0,0,11/20/2025 4:19:32 PM
3049,5793,5792,EQUALS,YES,AND,0,1,11/20/2025 4:19:32 PM
3050,5794,5769,EQUALS,6,AND,0,0,11/20/2025 4:19:32 PM
3051,5795,5769,EQUALS,6,AND,0,0,11/20/2025 4:19:32 PM
3052,5796,5769,EQUALS,6,AND,0,0,11/20/2025 4:19:32 PM
3053,5797,5769,EQUALS,6,AND,0,0,11/20/2025 4:19:32 PM
3054,5797,5796,EQUALS,YES,AND,0,1,11/20/2025 4:19:32 PM
3055,5803,5802,EQUALS,YES,AND,0,0,11/20/2025 4:19:32 PM
3056,5806,5805,EQUALS,YES,AND,0,0,11/20/2025 4:19:32 PM
3057,5809,5808,EQUALS,YES,AND,0,0,11/20/2025 4:19:32 PM
3058,5812,5811,EQUALS,YES,AND,0,0,11/20/2025 4:19:32 PM
3059,5816,5815,EQUALS,,AND,0,0,11/20/2025 4:19:32 PM
3060,5817,5815,EQUALS,YES,AND,0,0,11/20/2025 4:19:32 PM
3061,5820,5819,EQUALS,YES,AND,0,0,11/20/2025 4:19:32 PM
3062,5821,5819,EQUALS,YES,AND,0,0,11/20/2025 4:19:32 PM
3063,5822,5819,EQUALS,YES,AND,0,0,11/20/2025 4:19:32 PM
3064,5829,5828,EQUALS,YES,AND,0,0,11/20/2025 4:19:32 PM
3065,5830,5828,EQUALS,YES,AND,0,0,11/20/2025 4:19:32 PM
3066,5831,5828,EQUALS,YES,AND,0,0,11/20/2025 4:19:32 PM
3067,5832,5828,EQUALS,YES,AND,0,0,11/20/2025 4:19:32 PM
3068,5835,5834,EQUALS,,AND,0,0,11/20/2025 4:19:32 PM
3069,5836,5834,EQUALS,YES,AND,0,0,11/20/2025 4:19:32 PM
3070,5837,5834,EQUALS,YES,AND,0,0,11/20/2025 4:19:32 PM
3071,5838,5834,EQUALS,YES,AND,0,0,11/20/2025 4:19:32 PM
3072,5839,5834,EQUALS,YES,AND,0,0,11/20/2025 4:19:32 PM
3073,5840,5834,EQUALS,YES,AND,0,0,11/20/2025 4:19:32 PM
3074,5841,5834,EQUALS,YES,AND,0,0,11/20/2025 4:19:32 PM
3075,5842,5834,EQUALS,YES,AND,0,0,11/20/2025 4:19:32 PM
3076,5843,5834,EQUALS,YES,AND,0,0,11/20/2025 4:19:32 PM
3077,5846,5845,EQUALS,YES,AND,0,0,11/20/2025 4:19:32 PM
3078,5847,5845,EQUALS,YES,AND,0,0,11/20/2025 4:19:32 PM
3079,5848,5845,EQUALS,YES,AND,0,0,11/20/2025 4:19:32 PM
3080,5851,5850,EQUALS,YES,AND,0,0,11/20/2025 4:19:32 PM
3081,5854,5853,EQUALS,YES,AND,0,0,11/20/2025 4:19:32 PM
3082,5861,5860,EQUALS,YES,AND,0,0,11/20/2025 4:27:25 PM
3083,5862,5860,EQUALS,YES,AND,0,0,11/20/2025 4:27:25 PM
3084,5863,5860,EQUALS,YES,AND,0,0,11/20/2025 4:27:25 PM
3085,5864,5860,EQUALS,YES,AND,0,0,11/20/2025 4:27:25 PM
3086,5868,5867,EQUALS,YES,AND,0,0,11/20/2025 4:27:25 PM
3087,5871,5870,EQUALS,YES,AND,0,0,11/20/2025 4:27:25 PM
3088,5874,5873,EQUALS,YES,AND,0,0,11/20/2025 4:27:25 PM
3089,5877,5876,EQUALS,YES,AND,0,0,11/20/2025 4:27:25 PM
3090,5888,5887,EQUALS,YES,AND,0,0,11/20/2025 4:27:25 PM
3091,5889,5887,EQUALS,YES,AND,0,0,11/20/2025 4:27:25 PM
3092,5890,5887,EQUALS,YES,AND,0,0,11/20/2025 4:27:25 PM
3093,5891,5887,EQUALS,YES,AND,0,0,11/20/2025 4:27:25 PM
3094,5894,5893,EQUALS,YES,AND,0,0,11/20/2025 4:27:25 PM
3095,5895,5893,EQUALS,YES,AND,0,0,11/20/2025 4:27:25 PM
3096,5896,5893,EQUALS,YES,AND,0,0,11/20/2025 4:27:25 PM
3097,5897,5893,EQUALS,YES,AND,0,0,11/20/2025 4:27:25 PM
3098,5900,5899,EQUALS,YES,AND,0,0,11/20/2025 4:27:25 PM
3099,5901,5899,EQUALS,YES,AND,0,0,11/20/2025 4:27:25 PM
3100,5902,5899,EQUALS,YES,AND,0,0,11/20/2025 4:27:25 PM
3101,5903,5899,EQUALS,YES,AND,0,0,11/20/2025 4:27:25 PM
3102,5907,5906,EQUALS,YES,AND,0,0,11/20/2025 4:27:25 PM
3103,5908,5906,EQUALS,YES,AND,0,0,11/20/2025 4:27:25 PM
3104,5909,5906,EQUALS,YES,AND,0,0,11/20/2025 4:27:25 PM
3105,5910,5909,EQUALS,YES,AND,0,0,11/20/2025 4:27:25 PM
3106,5910,5906,EQUALS,YES,AND,0,1,11/20/2025 4:27:25 PM
3107,5911,5906,EQUALS,YES,AND,0,0,11/20/2025 4:27:25 PM
3108,5914,5913,EQUALS,YES,AND,0,0,11/20/2025 4:27:25 PM
3109,5915,5913,EQUALS,YES,AND,0,0,11/20/2025 4:27:25 PM
3110,5916,5913,EQUALS,YES,AND,0,0,11/20/2025 4:27:25 PM
3111,5917,5913,EQUALS,YES,AND,0,0,11/20/2025 4:27:25 PM
3112,5918,5913,EQUALS,YES,AND,0,0,11/20/2025 4:27:25 PM
3113,5919,5913,EQUALS,YES,AND,0,0,11/20/2025 4:27:25 PM
3114,5923,5922,EQUALS,YES,AND,0,0,11/20/2025 4:27:25 PM
3115,5924,5922,EQUALS,YES,AND,0,0,11/20/2025 4:27:25 PM
3116,5925,5922,EQUALS,YES,AND,0,0,11/20/2025 4:27:25 PM
3117,5926,5922,EQUALS,YES,AND,0,0,11/20/2025 4:27:25 PM
3118,5927,5922,EQUALS,YES,AND,0,0,11/20/2025 4:27:25 PM
3119,5938,5937,EQUALS,YES,AND,0,0,11/20/2025 4:27:25 PM
3120,5945,5944,EQUALS,YES,AND,0,0,11/20/2025 4:27:25 PM
3121,5948,5947,EQUALS,YES,AND,0,0,11/20/2025 4:27:25 PM
3122,5949,5947,EQUALS,YES,AND,0,0,11/20/2025 4:27:25 PM
3123,5950,5947,EQUALS,YES,AND,0,0,11/20/2025 4:27:25 PM
3124,5951,5947,EQUALS,YES,AND,0,0,11/20/2025 4:27:25 PM
3125,5954,5953,EQUALS,YES,AND,0,0,11/20/2025 4:27:25 PM
3126,5955,5953,EQUALS,YES,AND,0,0,11/20/2025 4:27:25 PM
3127,5956,5953,EQUALS,YES,AND,0,0,11/20/2025 4:27:25 PM
3128,5957,5953,EQUALS,YES,AND,0,0,11/20/2025 4:27:25 PM
3129,5958,5953,EQUALS,YES,AND,0,0,11/20/2025 4:27:25 PM
3130,5959,5953,EQUALS,YES,AND,0,0,11/20/2025 4:27:25 PM
3131,5960,5953,EQUALS,YES,AND,0,0,11/20/2025 4:27:25 PM
3132,5961,5953,EQUALS,YES,AND,0,0,11/20/2025 4:27:25 PM
3133,5962,5953,EQUALS,YES,AND,0,0,11/20/2025 4:27:25 PM
3134,5965,5964,EQUALS,YES,AND,0,0,11/20/2025 4:27:25 PM
3135,5966,5964,EQUALS,YES,AND,0,0,11/20/2025 4:27:25 PM
3136,5967,5964,EQUALS,YES,AND,0,0,11/20/2025 4:27:25 PM
3137,5970,5969,EQUALS,YES,AND,0,0,11/20/2025 4:27:25 PM
3138,5973,5972,EQUALS,YES,AND,0,0,11/20/2025 4:27:25 PM
3139,5980,5979,EQUALS,YES,AND,0,0,11/20/2025 4:35:06 PM
3140,5981,5979,EQUALS,YES,AND,0,0,11/20/2025 4:35:06 PM
3141,5982,5979,EQUALS,YES,AND,0,0,11/20/2025 4:35:06 PM
3142,5983,5979,EQUALS,YES,AND,0,0,11/20/2025 4:35:06 PM
3143,5987,5986,EQUALS,YES,AND,0,0,11/20/2025 4:35:06 PM
3144,5990,5989,EQUALS,YES,AND,0,0,11/20/2025 4:35:06 PM
3145,5993,5992,EQUALS,YES,AND,0,0,11/20/2025 4:35:06 PM
3146,5996,5995,EQUALS,YES,AND,0,0,11/20/2025 4:35:06 PM
3147,6007,6006,EQUALS,YES,AND,0,0,11/20/2025 4:35:06 PM
3148,6008,6006,EQUALS,YES,AND,0,0,11/20/2025 4:35:06 PM
3149,6009,6006,EQUALS,YES,AND,0,0,11/20/2025 4:35:06 PM
3150,6010,6006,EQUALS,YES,AND,0,0,11/20/2025 4:35:06 PM
3151,6013,6012,EQUALS,YES,AND,0,0,11/20/2025 4:35:06 PM
3152,6014,6012,EQUALS,YES,AND,0,0,11/20/2025 4:35:06 PM
3153,6015,6012,EQUALS,YES,AND,0,0,11/20/2025 4:35:06 PM
3154,6016,6012,EQUALS,YES,AND,0,0,11/20/2025 4:35:06 PM
3155,6019,6018,EQUALS,YES,AND,0,0,11/20/2025 4:35:06 PM
3156,6020,6018,EQUALS,YES,AND,0,0,11/20/2025 4:35:06 PM
3157,6021,6018,EQUALS,YES,AND,0,0,11/20/2025 4:35:06 PM
3158,6025,6024,EQUALS,YES,AND,0,0,11/20/2025 4:35:06 PM
3159,6026,6024,EQUALS,YES,AND,0,0,11/20/2025 4:35:06 PM
3160,6027,6024,EQUALS,YES,AND,0,0,11/20/2025 4:35:06 PM
3161,6028,6027,EQUALS,YES,AND,0,0,11/20/2025 4:35:06 PM
3162,6028,6024,EQUALS,YES,AND,0,1,11/20/2025 4:35:06 PM
3163,6029,6024,EQUALS,YES,AND,0,0,11/20/2025 4:35:06 PM
3164,6032,6031,EQUALS,YES,AND,0,0,11/20/2025 4:35:06 PM
3165,6033,6031,EQUALS,YES,AND,0,0,11/20/2025 4:35:06 PM
3166,6034,6031,EQUALS,YES,AND,0,0,11/20/2025 4:35:06 PM
3167,6035,6031,EQUALS,YES,AND,0,0,11/20/2025 4:35:06 PM
3168,6036,6031,EQUALS,YES,AND,0,0,11/20/2025 4:35:06 PM
3169,6037,6031,EQUALS,YES,AND,0,0,11/20/2025 4:35:06 PM
3170,6041,6040,EQUALS,YES,AND,0,0,11/20/2025 4:35:06 PM
3171,6042,6040,EQUALS,YES,AND,0,0,11/20/2025 4:35:06 PM
3172,6043,6040,EQUALS,YES,AND,0,0,11/20/2025 4:35:06 PM
3173,6044,6040,EQUALS,YES,AND,0,0,11/20/2025 4:35:06 PM
3174,6045,6040,EQUALS,YES,AND,0,0,11/20/2025 4:35:06 PM
3175,6056,6055,EQUALS,YES,AND,0,0,11/20/2025 4:35:06 PM
3176,6063,6062,EQUALS,YES,AND,0,0,11/20/2025 4:35:06 PM
3177,6066,6065,EQUALS,YES,AND,0,0,11/20/2025 4:35:06 PM
3178,6067,6065,EQUALS,YES,AND,0,0,11/20/2025 4:35:06 PM
3179,6068,6065,EQUALS,YES,AND,0,0,11/20/2025 4:35:06 PM
3180,6069,6065,EQUALS,YES,AND,0,0,11/20/2025 4:35:06 PM
3181,6072,6071,EQUALS,YES,AND,0,0,11/20/2025 4:35:06 PM
3182,6073,6071,EQUALS,YES,AND,0,0,11/20/2025 4:35:06 PM
3183,6074,6071,EQUALS,YES,AND,0,0,11/20/2025 4:35:06 PM
3184,6075,6071,EQUALS,YES,AND,0,0,11/20/2025 4:35:06 PM
3185,6076,6071,EQUALS,YES,AND,0,0,11/20/2025 4:35:06 PM
3186,6077,6071,EQUALS,YES,AND,0,0,11/20/2025 4:35:06 PM
3187,6078,6071,EQUALS,YES,AND,0,0,11/20/2025 4:35:06 PM
3188,6079,6071,EQUALS,YES,AND,0,0,11/20/2025 4:35:06 PM
3189,6080,6071,EQUALS,YES,AND,0,0,11/20/2025 4:35:06 PM
3190,6083,6082,EQUALS,YES,AND,0,0,11/20/2025 4:35:06 PM
3191,6084,6082,EQUALS,YES,AND,0,0,11/20/2025 4:35:06 PM
3192,6085,6082,EQUALS,YES,AND,0,0,11/20/2025 4:35:06 PM
3193,6088,6087,EQUALS,YES,AND,0,0,11/20/2025 4:35:06 PM
3194,6091,6090,EQUALS,YES,AND,0,0,11/20/2025 4:35:06 PM
3195,6098,6097,EQUALS,YES,AND,0,0,1/27/2026 3:21:12 PM
3196,6099,6097,EQUALS,YES,AND,0,0,1/27/2026 3:21:12 PM
3197,6100,6097,EQUALS,YES,AND,0,0,1/27/2026 3:21:12 PM
3198,6101,6097,EQUALS,YES,AND,0,0,1/27/2026 3:21:12 PM
3199,6105,6104,EQUALS,YES,AND,0,0,1/27/2026 3:21:12 PM
3200,6108,6107,EQUALS,YES,AND,0,0,1/27/2026 3:21:12 PM
3201,6111,6110,EQUALS,YES,AND,0,0,1/27/2026 3:21:12 PM
3202,6114,6113,EQUALS,YES,AND,0,0,1/27/2026 3:21:12 PM
3203,6125,6124,EQUALS,YES,AND,0,0,1/27/2026 3:21:12 PM
3204,6126,6124,EQUALS,YES,AND,0,0,1/27/2026 3:21:12 PM
3205,6127,6124,EQUALS,YES,AND,0,0,1/27/2026 3:21:12 PM
3206,6128,6124,EQUALS,YES,AND,0,0,1/27/2026 3:21:12 PM
3207,6131,6130,EQUALS,YES,AND,0,0,1/27/2026 3:21:12 PM
3208,6132,6130,EQUALS,YES,AND,0,0,1/27/2026 3:21:12 PM
3209,6133,6130,EQUALS,YES,AND,0,0,1/27/2026 3:21:12 PM
3210,6134,6130,EQUALS,YES,AND,0,0,1/27/2026 3:21:12 PM
3211,6137,6136,EQUALS,YES,AND,0,0,1/27/2026 3:21:12 PM
3212,6138,6136,EQUALS,YES,AND,0,0,1/27/2026 3:21:12 PM
3213,6139,6136,EQUALS,YES,AND,0,0,1/27/2026 3:21:12 PM
3214,6143,6142,EQUALS,YES,AND,0,0,1/27/2026 3:21:12 PM
3215,6144,6142,EQUALS,YES,AND,0,0,1/27/2026 3:21:12 PM
3216,6145,6142,EQUALS,YES,AND,0,0,1/27/2026 3:21:12 PM
3217,6146,6145,EQUALS,YES,AND,0,0,1/27/2026 3:21:12 PM
3218,6146,6142,EQUALS,YES,AND,0,1,1/27/2026 3:21:12 PM
3219,6147,6142,EQUALS,YES,AND,0,0,1/27/2026 3:21:12 PM
3220,6150,6149,EQUALS,YES,AND,0,0,1/27/2026 3:21:12 PM
3221,6151,6149,EQUALS,YES,AND,0,0,1/27/2026 3:21:12 PM
3222,6152,6149,EQUALS,YES,AND,0,0,1/27/2026 3:21:12 PM
3223,6153,6149,EQUALS,YES,AND,0,0,1/27/2026 3:21:12 PM
3224,6154,6149,EQUALS,YES,AND,0,0,1/27/2026 3:21:12 PM
3225,6155,6149,EQUALS,YES,AND,0,0,1/27/2026 3:21:12 PM
3226,6159,6158,EQUALS,YES,AND,0,0,1/27/2026 3:21:12 PM
3227,6160,6158,EQUALS,YES,AND,0,0,1/27/2026 3:21:12 PM
3228,6161,6158,EQUALS,YES,AND,0,0,1/27/2026 3:21:12 PM
3229,6162,6158,EQUALS,YES,AND,0,0,1/27/2026 3:21:12 PM
3230,6163,6158,EQUALS,YES,AND,0,0,1/27/2026 3:21:12 PM
3231,6174,6173,EQUALS,YES,AND,0,0,1/27/2026 3:21:12 PM
3232,6181,6180,EQUALS,YES,AND,0,0,1/27/2026 3:21:12 PM
3233,6184,6183,EQUALS,YES,AND,0,0,1/27/2026 3:21:12 PM
3234,6185,6183,EQUALS,YES,AND,0,0,1/27/2026 3:21:12 PM
3235,6186,6183,EQUALS,YES,AND,0,0,1/27/2026 3:21:12 PM
3236,6187,6183,EQUALS,YES,AND,0,0,1/27/2026 3:21:12 PM
3237,6190,6189,EQUALS,YES,AND,0,0,1/27/2026 3:21:12 PM
3238,6191,6189,EQUALS,YES,AND,0,0,1/27/2026 3:21:12 PM
3239,6192,6189,EQUALS,YES,AND,0,0,1/27/2026 3:21:12 PM
3240,6193,6189,EQUALS,YES,AND,0,0,1/27/2026 3:21:12 PM
3241,6194,6189,EQUALS,YES,AND,0,0,1/27/2026 3:21:12 PM
3242,6195,6189,EQUALS,YES,AND,0,0,1/27/2026 3:21:12 PM
3243,6196,6189,EQUALS,YES,AND,0,0,1/27/2026 3:21:12 PM
3244,6197,6189,EQUALS,YES,AND,0,0,1/27/2026 3:21:12 PM
3245,6198,6189,EQUALS,YES,AND,0,0,1/27/2026 3:21:12 PM
3246,6201,6200,EQUALS,YES,AND,0,0,1/27/2026 3:21:12 PM
3247,6202,6200,EQUALS,YES,AND,0,0,1/27/2026 3:21:12 PM
3248,6203,6200,EQUALS,YES,AND,0,0,1/27/2026 3:21:12 PM
3249,6206,6205,EQUALS,YES,AND,0,0,1/27/2026 3:21:13 PM
3250,6209,6208,EQUALS,YES,AND,0,0,1/27/2026 3:21:13 PM
3251,6218,6217,EQUALS,YES,AND,0,0,1/27/2026 3:23:18 PM
3252,6219,6217,EQUALS,YES,AND,0,0,1/27/2026 3:23:18 PM
3253,6220,6217,EQUALS,YES,AND,0,0,1/27/2026 3:23:18 PM
3254,6221,6217,EQUALS,YES,AND,0,0,1/27/2026 3:23:18 PM
3255,6225,6224,EQUALS,YES,AND,0,0,1/27/2026 3:23:18 PM
3256,6228,6227,EQUALS,YES,AND,0,0,1/27/2026 3:23:18 PM
3257,6231,6230,EQUALS,YES,AND,0,0,1/27/2026 3:23:18 PM
3258,6234,6233,EQUALS,YES,AND,0,0,1/27/2026 3:23:18 PM
3259,6245,6244,EQUALS,YES,AND,0,0,1/27/2026 3:23:18 PM
3260,6246,6244,EQUALS,YES,AND,0,0,1/27/2026 3:23:18 PM
3261,6247,6244,EQUALS,YES,AND,0,0,1/27/2026 3:23:18 PM
3262,6248,6244,EQUALS,YES,AND,0,0,1/27/2026 3:23:18 PM
3263,6251,6250,EQUALS,YES,AND,0,0,1/27/2026 3:23:18 PM
3264,6252,6250,EQUALS,YES,AND,0,0,1/27/2026 3:23:18 PM
3265,6253,6250,EQUALS,YES,AND,0,0,1/27/2026 3:23:18 PM
3266,6254,6250,EQUALS,YES,AND,0,0,1/27/2026 3:23:18 PM
3267,6257,6256,EQUALS,YES,AND,0,0,1/27/2026 3:23:18 PM
3268,6258,6256,EQUALS,YES,AND,0,0,1/27/2026 3:23:18 PM
3269,6259,6256,EQUALS,YES,AND,0,0,1/27/2026 3:23:18 PM
3270,6263,6262,EQUALS,YES,AND,0,0,1/27/2026 3:23:18 PM
3271,6264,6262,EQUALS,YES,AND,0,0,1/27/2026 3:23:18 PM
3272,6265,6262,EQUALS,YES,AND,0,0,1/27/2026 3:23:18 PM
3273,6266,6265,EQUALS,YES,AND,0,0,1/27/2026 3:23:18 PM
3274,6266,6262,EQUALS,YES,AND,0,1,1/27/2026 3:23:18 PM
3275,6267,6262,EQUALS,YES,AND,0,0,1/27/2026 3:23:18 PM
3276,6270,6269,EQUALS,YES,AND,0,0,1/27/2026 3:23:18 PM
3277,6271,6269,EQUALS,YES,AND,0,0,1/27/2026 3:23:18 PM
3278,6272,6269,EQUALS,YES,AND,0,0,1/27/2026 3:23:18 PM
3279,6273,6269,EQUALS,YES,AND,0,0,1/27/2026 3:23:18 PM
3280,6274,6269,EQUALS,YES,AND,0,0,1/27/2026 3:23:18 PM
3281,6275,6269,EQUALS,YES,AND,0,0,1/27/2026 3:23:18 PM
3282,6279,6278,EQUALS,YES,AND,0,0,1/27/2026 3:23:18 PM
3283,6280,6278,EQUALS,YES,AND,0,0,1/27/2026 3:23:18 PM
3284,6281,6278,EQUALS,YES,AND,0,0,1/27/2026 3:23:18 PM
3285,6282,6278,EQUALS,YES,AND,0,0,1/27/2026 3:23:18 PM
3286,6283,6278,EQUALS,YES,AND,0,0,1/27/2026 3:23:18 PM
3287,6294,6293,EQUALS,YES,AND,0,0,1/27/2026 3:23:18 PM
3288,6301,6300,EQUALS,YES,AND,0,0,1/27/2026 3:23:18 PM
3289,6304,6303,EQUALS,YES,AND,0,0,1/27/2026 3:23:18 PM
3290,6305,6303,EQUALS,YES,AND,0,0,1/27/2026 3:23:18 PM
3291,6306,6303,EQUALS,YES,AND,0,0,1/27/2026 3:23:18 PM
3292,6307,6303,EQUALS,YES,AND,0,0,1/27/2026 3:23:18 PM
3293,6310,6309,EQUALS,YES,AND,0,0,1/27/2026 3:23:18 PM
3294,6311,6309,EQUALS,YES,AND,0,0,1/27/2026 3:23:18 PM
3295,6312,6309,EQUALS,YES,AND,0,0,1/27/2026 3:23:18 PM
3296,6313,6309,EQUALS,YES,AND,0,0,1/27/2026 3:23:18 PM
3297,6314,6309,EQUALS,YES,AND,0,0,1/27/2026 3:23:18 PM
3298,6315,6309,EQUALS,YES,AND,0,0,1/27/2026 3:23:18 PM
3299,6316,6309,EQUALS,YES,AND,0,0,1/27/2026 3:23:18 PM
3300,6317,6309,EQUALS,YES,AND,0,0,1/27/2026 3:23:18 PM
3301,6318,6309,EQUALS,YES,AND,0,0,1/27/2026 3:23:18 PM
3302,6321,6320,EQUALS,YES,AND,0,0,1/27/2026 3:23:18 PM
3303,6322,6320,EQUALS,YES,AND,0,0,1/27/2026 3:23:18 PM
3304,6323,6320,EQUALS,YES,AND,0,0,1/27/2026 3:23:18 PM
3305,6326,6325,EQUALS,YES,AND,0,0,1/27/2026 3:23:18 PM
3306,6329,6328,EQUALS,YES,AND,0,0,1/27/2026 3:23:18 PM
3307,6338,6337,EQUALS,1,AND,0,0,1/27/2026 3:24:44 PM
3308,6338,6337,EQUALS,2,OR,1,1,1/27/2026 3:24:44 PM
3309,6338,6337,EQUALS,3,OR,2,2,1/27/2026 3:24:44 PM
3310,6339,6337,EQUALS,1,AND,0,0,1/27/2026 3:24:44 PM
3311,6339,6337,EQUALS,2,OR,1,1,1/27/2026 3:24:44 PM
3312,6339,6337,EQUALS,3,OR,2,2,1/27/2026 3:24:44 PM
3313,6340,6339,EQUALS,YES,AND,0,0,1/27/2026 3:24:44 PM
3314,6341,6337,EQUALS,2,OR,0,0,1/27/2026 3:24:44 PM
3315,6341,6337,EQUALS,3,OR,1,1,1/27/2026 3:24:44 PM
3316,6342,6337,EQUALS,2,AND,0,0,1/27/2026 3:24:44 PM
3317,6342,6337,EQUALS,3,OR,1,1,1/27/2026 3:24:44 PM
3318,6343,6342,EQUALS,YES,AND,0,0,1/27/2026 3:24:44 PM
3319,6344,6343,EQUALS,YES,AND,0,0,1/27/2026 3:24:44 PM
3320,6344,6342,EQUALS,YES,AND,0,1,1/27/2026 3:24:44 PM
3321,6345,6337,EQUALS,2,AND,0,0,1/27/2026 3:24:44 PM
3322,6345,6337,EQUALS,3,AND,1,1,1/27/2026 3:24:44 PM
3323,6346,6337,EQUALS,2,AND,0,0,1/27/2026 3:24:44 PM
3324,6346,6337,EQUALS,3,AND,1,1,1/27/2026 3:24:44 PM
3325,6347,6346,EQUALS,YES,AND,0,0,1/27/2026 3:24:44 PM
3326,6348,6346,EQUALS,YES,AND,0,0,1/27/2026 3:24:44 PM
3327,6348,6347,EQUALS,YES,AND,0,1,1/27/2026 3:24:44 PM
3328,6349,6337,EQUALS,2,AND,0,0,1/27/2026 3:24:44 PM
3329,6349,6337,EQUALS,3,AND,1,1,1/27/2026 3:24:44 PM
3330,6350,6337,EQUALS,2,AND,0,0,1/27/2026 3:24:45 PM
3331,6350,6337,EQUALS,3,AND,1,1,1/27/2026 3:24:45 PM
3332,6351,6350,EQUALS,YES,AND,0,0,1/27/2026 3:24:45 PM
3333,6352,6351,EQUALS,YES,AND,0,0,1/27/2026 3:24:45 PM
3334,6352,6350,EQUALS,YES,AND,0,1,1/27/2026 3:24:45 PM
3335,6353,6350,EQUALS,YES,AND,0,0,1/27/2026 3:24:45 PM
3336,6353,6351,EQUALS,YES,AND,0,1,1/27/2026 3:24:45 PM
3337,6353,6352,EQUALS,YES,AND,0,2,1/27/2026 3:24:45 PM
3338,6354,6337,EQUALS,4,AND,0,0,1/27/2026 3:24:45 PM
3339,6355,6337,EQUALS,4,AND,0,0,1/27/2026 3:24:45 PM
3340,6356,6337,EQUALS,4,AND,0,0,1/27/2026 3:24:45 PM
3341,6357,6337,EQUALS,4,AND,0,0,1/27/2026 3:24:45 PM
3342,6357,6356,EQUALS,YES,AND,0,1,1/27/2026 3:24:45 PM
3343,6358,6337,EQUALS,5,AND,0,0,1/27/2026 3:24:45 PM
3344,6359,6337,EQUALS,5,AND,0,0,1/27/2026 3:24:45 PM
3345,6360,6337,EQUALS,5,AND,0,0,1/27/2026 3:24:45 PM
3346,6361,6337,EQUALS,5,AND,0,0,1/27/2026 3:24:45 PM
3347,6361,6360,EQUALS,YES,AND,0,1,1/27/2026 3:24:45 PM
3348,6362,6337,EQUALS,6,AND,0,0,1/27/2026 3:24:45 PM
3349,6363,6337,EQUALS,6,AND,0,0,1/27/2026 3:24:45 PM
3350,6364,6337,EQUALS,6,AND,0,0,1/27/2026 3:24:45 PM
3351,6365,6337,EQUALS,6,AND,0,0,1/27/2026 3:24:45 PM
3352,6365,6364,EQUALS,YES,AND,0,1,1/27/2026 3:24:45 PM
3353,6371,6370,EQUALS,YES,AND,0,0,1/27/2026 3:24:45 PM
3354,6374,6373,EQUALS,YES,AND,0,0,1/27/2026 3:24:45 PM
3355,6377,6376,EQUALS,YES,AND,0,0,1/27/2026 3:24:45 PM
3356,6380,6379,EQUALS,YES,AND,0,0,1/27/2026 3:24:45 PM
3357,6384,6383,EQUALS,,AND,0,0,1/27/2026 3:24:45 PM
3358,6385,6383,EQUALS,YES,AND,0,0,1/27/2026 3:24:45 PM
3359,6388,6387,EQUALS,YES,AND,0,0,1/27/2026 3:24:45 PM
3360,6389,6387,EQUALS,YES,AND,0,0,1/27/2026 3:24:45 PM
3361,6390,6387,EQUALS,YES,AND,0,0,1/27/2026 3:24:45 PM
3362,6397,6396,EQUALS,YES,AND,0,0,1/27/2026 3:24:45 PM
3363,6398,6396,EQUALS,YES,AND,0,0,1/27/2026 3:24:45 PM
3364,6399,6396,EQUALS,YES,AND,0,0,1/27/2026 3:24:45 PM
3365,6400,6396,EQUALS,YES,AND,0,0,1/27/2026 3:24:45 PM
3366,6403,6402,EQUALS,,AND,0,0,1/27/2026 3:24:45 PM
3367,6404,6402,EQUALS,YES,AND,0,0,1/27/2026 3:24:45 PM
3368,6405,6402,EQUALS,YES,AND,0,0,1/27/2026 3:24:45 PM
3369,6406,6402,EQUALS,YES,AND,0,0,1/27/2026 3:24:45 PM
3370,6407,6402,EQUALS,YES,AND,0,0,1/27/2026 3:24:45 PM
3371,6408,6402,EQUALS,YES,AND,0,0,1/27/2026 3:24:45 PM
3372,6409,6402,EQUALS,YES,AND,0,0,1/27/2026 3:24:45 PM
3373,6410,6402,EQUALS,YES,AND,0,0,1/27/2026 3:24:45 PM
3374,6411,6402,EQUALS,YES,AND,0,0,1/27/2026 3:24:45 PM
3375,6414,6413,EQUALS,YES,AND,0,0,1/27/2026 3:24:45 PM
3376,6415,6413,EQUALS,YES,AND,0,0,1/27/2026 3:24:45 PM
3377,6416,6413,EQUALS,YES,AND,0,0,1/27/2026 3:24:45 PM
3378,6419,6418,EQUALS,YES,AND,0,0,1/27/2026 3:24:45 PM
3379,6422,6421,EQUALS,YES,AND,0,0,1/27/2026 3:24:45 PM
