id,form_id,call_id,submitted_by,submitted_at,total_score,status
1,231,null,10,11/5/2025 8:38:21 AM,94.38,FINALIZED
2,231,null,10,11/5/2025 8:55:57 AM,93.42,FINALIZED
3,231,null,10,11/6/2025 12:08:04 PM,85.08,FINALIZED
10,231,null,10,11/5/2025 11:35:23 AM,83.19,FINALIZED
11,231,null,10,11/5/2025 11:50:36 AM,82.72,FINALIZED
12,231,null,10,11/5/2025 12:05:47 PM,95.59,FINALIZED
13,231,null,10,11/5/2025 12:33:54 PM,96.05,FINALIZED
14,231,null,10,11/6/2025 11:28:39 AM,100.0,FINALIZED
15,231,null,10,11/5/2025 1:08:12 PM,14.71,FINALIZED
16,231,null,10,11/5/2025 1:39:12 PM,84.67,FINALIZED
17,231,null,10,11/5/2025 1:53:42 PM,86.53,FINALIZED
18,231,null,10,11/5/2025 3:23:05 PM,94.11,FINALIZED
19,231,null,10,11/5/2025 3:57:20 PM,84.25,FINALIZED
25,231,null,10,11/6/2025 8:48:26 AM,95.38,FINALIZED
30,226,null,10,11/6/2025 9:52:15 AM,92.7,FINALIZED
31,226,null,10,11/6/2025 10:17:51 AM,90.0,FINALIZED
32,226,null,10,11/6/2025 11:55:48 AM,77.01,FINALIZED
35,226,null,10,11/6/2025 1:28:24 PM,88.27,FINALIZED
36,245,null,10,11/6/2025 1:37:25 PM,92.22,FINALIZED
37,226,null,10,11/6/2025 3:59:05 PM,90.34,FINALIZED
38,226,null,10,11/6/2025 3:17:54 PM,94.59,FINALIZED
39,226,null,10,11/6/2025 3:46:55 PM,64.33,FINALIZED
40,226,null,10,11/6/2025 4:07:57 PM,90.34,FINALIZED
41,226,null,10,11/6/2025 4:28:03 PM,100.0,FINALIZED
42,245,null,10,11/6/2025 4:46:05 PM,93.91,FINALIZED
43,245,null,10,11/6/2025 5:04:05 PM,89.45,FINALIZED
44,245,null,10,11/7/2025 8:38:54 AM,86.27,FINALIZED
45,245,null,10,11/7/2025 3:20:02 PM,96.62,FINALIZED
46,245,null,10,11/7/2025 9:15:42 AM,95.34,FINALIZED
47,245,null,10,11/7/2025 9:48:55 AM,82.82,FINALIZED
48,245,null,10,11/7/2025 9:59:09 AM,95.43,FINALIZED
49,245,null,10,11/7/2025 10:28:33 AM,100.0,FINALIZED
50,245,null,10,11/7/2025 10:49:44 AM,91.02,FINALIZED
51,245,null,10,11/7/2025 11:09:44 AM,95.38,FINALIZED
52,245,null,10,11/7/2025 11:30:18 AM,91.02,FINALIZED
53,245,null,10,11/7/2025 12:11:44 PM,86.64,FINALIZED
54,245,null,10,11/7/2025 12:57:09 PM,92.22,FINALIZED
55,245,null,10,11/7/2025 1:20:06 PM,91.99,FINALIZED
56,245,null,10,11/7/2025 1:42:51 PM,76.22,FINALIZED
57,226,null,10,11/7/2025 1:55:44 PM,100.0,FINALIZED
58,226,null,10,11/7/2025 3:29:14 PM,80.15,FINALIZED
59,226,null,10,11/7/2025 3:45:26 PM,97.39,FINALIZED
60,226,null,10,11/7/2025 3:56:53 PM,100.0,FINALIZED
61,226,null,10,11/7/2025 4:23:38 PM,87.81,FINALIZED
62,226,null,10,11/7/2025 5:02:41 PM,78.0,FINALIZED
63,226,null,10,11/10/2025 8:36:18 AM,100.0,FINALIZED
64,226,null,10,11/10/2025 8:45:41 AM,100.0,FINALIZED
65,226,null,10,11/10/2025 8:59:39 AM,92.0,FINALIZED
66,226,null,10,11/10/2025 9:30:55 AM,89.06,FINALIZED
67,245,null,10,11/11/2025 2:06:11 PM,93.67,FINALIZED
68,245,null,10,11/10/2025 10:00:25 AM,87.53,FINALIZED
69,245,null,10,11/10/2025 4:32:50 PM,87.72,FINALIZED
70,245,null,10,11/10/2025 10:54:36 AM,96.12,FINALIZED
71,245,null,10,11/10/2025 11:25:40 AM,92.73,FINALIZED
72,226,null,10,11/10/2025 10:47:06 PM,100.0,FINALIZED
73,226,null,10,11/10/2025 11:59:11 AM,100.0,FINALIZED
74,226,null,10,11/10/2025 12:20:30 PM,100.0,FINALIZED
75,226,null,10,11/10/2025 12:48:23 PM,87.71,FINALIZED
76,226,null,10,11/10/2025 1:11:11 PM,100.0,FINALIZED
77,245,null,10,11/10/2025 1:42:04 PM,98.22,FINALIZED
78,245,null,10,11/10/2025 2:15:09 PM,35.15,FINALIZED
79,245,null,10,11/10/2025 3:45:14 PM,91.08,FINALIZED
80,245,null,10,11/10/2025 3:59:22 PM,96.62,FINALIZED
81,245,null,10,11/10/2025 4:15:14 PM,100.0,FINALIZED
82,245,null,10,11/10/2025 4:45:21 PM,76.39,SUBMITTED
83,245,null,10,11/11/2025 11:01:08 AM,91.02,FINALIZED
84,245,null,10,11/11/2025 11:18:44 AM,100.0,FINALIZED
85,245,null,10,11/13/2025 12:07:01 PM,96.98,FINALIZED
86,245,null,10,11/12/2025 8:41:34 PM,67.5,FINALIZED
87,245,null,10,11/11/2025 12:54:21 PM,87.11,FINALIZED
88,246,null,10,11/11/2025 1:24:14 PM,95.43,FINALIZED
89,247,null,10,11/11/2025 1:59:30 PM,80.91,FINALIZED
90,251,null,10,11/11/2025 3:27:11 PM,97.98,FINALIZED
91,252,null,10,11/11/2025 3:45:03 PM,97.07,FINALIZED
92,252,null,10,11/11/2025 3:59:04 PM,99.04,FINALIZED
93,254,null,10,11/11/2025 4:19:08 PM,85.99,SUBMITTED
94,254,null,10,11/11/2025 4:33:48 PM,100.0,FINALIZED
95,254,null,10,11/11/2025 4:44:59 PM,100.0,FINALIZED
96,254,null,10,11/11/2025 4:54:44 PM,100.0,FINALIZED
97,254,null,10,11/12/2025 8:36:31 AM,100.0,FINALIZED
98,254,null,10,11/12/2025 8:46:46 AM,100.0,FINALIZED
99,254,null,10,11/12/2025 9:00:07 AM,93.28,FINALIZED
100,252,null,10,11/12/2025 9:33:55 AM,100.0,FINALIZED
101,252,null,10,11/12/2025 9:59:18 AM,94.17,FINALIZED
102,252,null,10,11/12/2025 8:57:43 PM,97.94,FINALIZED
103,252,null,10,11/12/2025 10:57:46 AM,100.0,FINALIZED
104,254,null,10,11/12/2025 11:26:19 AM,91.63,FINALIZED
105,254,null,10,11/12/2025 11:42:16 AM,74.59,FINALIZED
106,254,null,10,11/12/2025 11:54:36 AM,100.0,FINALIZED
107,254,null,10,11/12/2025 12:16:59 PM,100.0,FINALIZED
108,254,null,10,11/12/2025 12:30:57 PM,100.0,FINALIZED
109,254,null,10,11/12/2025 12:54:06 PM,100.0,FINALIZED
110,252,null,10,11/12/2025 1:22:28 PM,94.82,FINALIZED
111,252,null,10,11/12/2025 1:46:24 PM,89.15,FINALIZED
112,252,null,10,11/12/2025 1:59:28 PM,95.83,FINALIZED
113,254,null,10,11/17/2025 3:20:42 PM,72.05,FINALIZED
114,252,null,10,11/12/2025 3:55:10 PM,74.68,FINALIZED
115,252,null,10,11/12/2025 4:13:31 PM,96.35,FINALIZED
116,254,null,10,11/12/2025 4:49:38 PM,69.21,FINALIZED
117,254,null,10,11/12/2025 4:57:57 PM,100.0,FINALIZED
118,254,null,10,11/13/2025 8:38:01 AM,100.0,FINALIZED
119,254,null,10,11/13/2025 8:58:04 AM,100.0,FINALIZED
120,254,null,10,11/13/2025 9:17:18 AM,100.0,FINALIZED
121,254,null,10,11/13/2025 9:46:47 AM,75.39,FINALIZED
122,254,null,10,11/13/2025 10:14:31 AM,80.04,FINALIZED
123,252,null,10,11/17/2025 10:49:32 AM,100.0,FINALIZED
124,252,null,10,11/13/2025 11:08:32 AM,86.27,FINALIZED
125,252,null,10,11/13/2025 11:53:51 AM,93.67,FINALIZED
126,252,null,10,11/13/2025 12:09:05 PM,95.31,FINALIZED
127,252,null,10,11/13/2025 12:26:03 PM,91.93,FINALIZED
128,252,null,10,11/13/2025 12:41:50 PM,95.23,FINALIZED
129,252,null,10,11/13/2025 12:59:12 PM,98.65,FINALIZED
130,252,null,10,11/13/2025 1:38:39 PM,84.2,FINALIZED
131,252,null,10,11/13/2025 1:58:28 PM,96.27,FINALIZED
132,252,null,10,11/13/2025 3:33:11 PM,90.53,FINALIZED
133,252,null,10,11/13/2025 3:57:40 PM,98.23,FINALIZED
134,252,null,10,11/13/2025 4:21:11 PM,89.15,FINALIZED
135,252,null,10,11/13/2025 4:40:22 PM,100.0,FINALIZED
136,252,null,10,11/13/2025 4:59:54 PM,82.31,FINALIZED
137,254,null,10,11/14/2025 8:38:50 AM,100.0,FINALIZED
138,254,null,10,11/14/2025 8:55:46 AM,80.15,FINALIZED
139,254,null,10,11/14/2025 9:17:26 AM,100.0,FINALIZED
140,254,null,10,11/14/2025 9:35:05 AM,100.0,FINALIZED
141,254,null,10,11/17/2025 12:07:21 PM,93.33,FINALIZED
142,254,null,10,11/14/2025 10:23:44 AM,100.0,FINALIZED
143,254,null,10,11/14/2025 10:58:56 AM,100.0,FINALIZED
144,252,null,10,11/14/2025 11:22:04 AM,94.31,FINALIZED
145,252,null,10,11/14/2025 11:45:18 AM,93.69,FINALIZED
146,252,null,10,11/14/2025 11:59:49 AM,97.41,FINALIZED
147,252,null,10,11/14/2025 12:18:01 PM,100.0,FINALIZED
148,252,null,10,11/14/2025 12:41:44 PM,92.4,FINALIZED
149,254,null,10,11/17/2025 4:09:33 PM,83.05,FINALIZED
150,254,null,10,11/14/2025 1:18:58 PM,100.0,FINALIZED
151,254,null,10,11/14/2025 1:59:13 PM,69.21,FINALIZED
152,254,null,10,11/17/2025 1:51:54 PM,83.72,FINALIZED
153,254,null,10,11/14/2025 3:40:14 PM,100.0,FINALIZED
154,252,null,10,11/14/2025 4:04:41 PM,71.07,FINALIZED
155,252,null,10,11/14/2025 4:27:42 PM,92.4,FINALIZED
156,252,null,10,11/14/2025 4:46:39 PM,80.0,FINALIZED
157,254,null,10,11/17/2025 2:19:11 PM,91.95,FINALIZED
158,254,null,10,11/17/2025 9:06:14 AM,100.0,FINALIZED
159,254,null,10,11/17/2025 9:31:06 AM,100.0,FINALIZED
160,254,null,10,11/17/2025 9:57:32 AM,87.96,FINALIZED
161,254,null,10,11/17/2025 10:24:07 AM,90.0,FINALIZED
162,254,null,10,11/17/2025 10:46:49 AM,100.0,FINALIZED
163,252,null,10,11/17/2025 11:28:22 AM,98.39,FINALIZED
164,252,null,10,11/17/2025 12:24:44 PM,82.4,FINALIZED
165,252,null,10,11/17/2025 12:44:33 PM,96.34,FINALIZED
166,254,null,10,11/17/2025 1:14:51 PM,86.88,FINALIZED
167,254,null,10,11/17/2025 1:28:49 PM,80.15,FINALIZED
168,254,null,10,11/17/2025 1:48:20 PM,77.71,FINALIZED
169,254,null,10,11/17/2025 1:59:12 PM,100.0,FINALIZED
170,252,null,10,11/17/2025 3:48:48 PM,86.67,FINALIZED
171,252,null,10,11/17/2025 4:10:31 PM,100.0,FINALIZED
172,252,null,10,11/17/2025 4:29:43 PM,96.53,FINALIZED
173,252,null,10,11/17/2025 4:47:39 PM,97.04,FINALIZED
174,252,null,10,11/17/2025 4:58:28 PM,98.47,FINALIZED
175,252,null,10,11/18/2025 10:45:43 AM,88.44,FINALIZED
176,252,null,10,11/18/2025 10:59:38 AM,95.19,FINALIZED
177,252,null,10,11/18/2025 11:30:44 AM,95.48,FINALIZED
178,252,null,10,11/18/2025 11:58:55 AM,100.0,FINALIZED
179,252,null,10,11/18/2025 12:34:43 PM,98.18,FINALIZED
180,252,null,10,11/18/2025 12:59:11 PM,79.2,FINALIZED
181,252,null,10,11/18/2025 1:40:58 PM,98.95,FINALIZED
182,252,null,10,11/18/2025 2:10:09 PM,95.1,FINALIZED
183,252,null,10,11/18/2025 3:44:07 PM,95.64,FINALIZED
184,252,null,10,11/18/2025 3:58:26 PM,92.42,FINALIZED
185,252,null,10,11/18/2025 4:13:21 PM,73.26,FINALIZED
186,252,null,10,11/18/2025 4:28:44 PM,91.69,FINALIZED
187,252,null,10,11/18/2025 4:47:38 PM,100.0,FINALIZED
188,252,null,10,11/18/2025 5:00:42 PM,94.93,FINALIZED
189,252,null,10,11/19/2025 8:47:31 AM,95.22,FINALIZED
190,254,null,10,11/19/2025 8:59:23 AM,100.0,FINALIZED
191,252,null,10,11/19/2025 9:25:50 AM,95.22,FINALIZED
192,252,null,10,11/19/2025 10:01:49 AM,95.34,FINALIZED
193,252,null,10,11/19/2025 10:38:22 AM,93.68,FINALIZED
194,252,null,10,11/19/2025 11:10:03 AM,98.78,FINALIZED
195,252,null,10,11/19/2025 11:31:06 AM,100.0,FINALIZED
196,252,null,10,11/19/2025 11:59:47 AM,93.2,FINALIZED
197,252,null,10,11/19/2025 12:42:59 PM,85.73,FINALIZED
198,252,null,10,11/19/2025 1:03:56 PM,97.93,FINALIZED
199,252,null,10,11/19/2025 1:24:19 PM,100.0,FINALIZED
200,252,null,10,11/19/2025 1:40:53 PM,97.9,FINALIZED
201,254,null,10,11/19/2025 2:00:49 PM,100.0,FINALIZED
202,252,null,10,11/19/2025 3:17:42 PM,93.7,FINALIZED
203,252,null,10,11/19/2025 3:40:28 PM,90.59,FINALIZED
204,252,null,10,11/19/2025 3:59:45 PM,95.01,FINALIZED
205,252,null,10,11/19/2025 4:33:03 PM,100.0,FINALIZED
206,252,null,10,11/19/2025 4:56:55 PM,98.87,FINALIZED
207,254,null,10,11/20/2025 8:48:52 AM,96.55,FINALIZED
208,254,null,10,11/20/2025 8:59:42 AM,100.0,FINALIZED
209,254,null,10,11/20/2025 9:40:17 AM,92.24,FINALIZED
210,254,null,10,11/20/2025 10:10:31 AM,75.43,FINALIZED
211,252,null,10,11/20/2025 10:58:58 AM,64.12,FINALIZED
212,254,null,10,11/20/2025 11:44:13 AM,100.0,FINALIZED
213,255,null,10,11/20/2025 11:58:15 AM,100.0,FINALIZED
214,255,null,10,11/20/2025 12:22:23 PM,88.27,FINALIZED
215,255,null,10,11/20/2025 12:46:13 PM,100.0,FINALIZED
216,257,null,10,11/20/2025 1:17:04 PM,83.76,FINALIZED
217,255,null,10,11/20/2025 2:00:28 PM,89.06,FINALIZED
218,255,null,10,11/20/2025 3:30:39 PM,100.0,FINALIZED
219,255,null,10,11/20/2025 3:45:46 PM,100.0,FINALIZED
220,255,null,10,11/20/2025 3:59:26 PM,100.0,FINALIZED
221,257,null,10,11/20/2025 4:34:43 PM,50.89,FINALIZED
222,255,null,10,11/20/2025 4:59:26 PM,87.13,FINALIZED
223,255,null,10,11/21/2025 8:42:29 AM,100.0,FINALIZED
224,255,null,10,11/21/2025 8:58:10 AM,100.0,FINALIZED
225,255,null,10,11/21/2025 9:17:03 AM,100.0,FINALIZED
226,255,null,10,11/21/2025 9:46:26 AM,89.06,FINALIZED
227,255,null,10,11/21/2025 10:02:28 AM,100.0,FINALIZED
228,255,null,10,11/21/2025 10:35:17 AM,82.93,FINALIZED
229,257,null,10,11/21/2025 11:16:06 AM,95.24,FINALIZED
230,257,null,10,11/21/2025 11:45:04 AM,98.02,FINALIZED
231,257,null,10,11/21/2025 12:11:23 PM,92.59,FINALIZED
232,257,null,10,11/21/2025 12:46:52 PM,94.44,FINALIZED
233,257,null,10,11/21/2025 1:06:53 PM,74.68,FINALIZED
234,255,null,10,11/21/2025 1:57:10 PM,69.21,FINALIZED
235,255,null,10,11/21/2025 3:25:33 PM,98.0,FINALIZED
236,255,null,10,11/21/2025 3:38:55 PM,80.46,FINALIZED
237,255,null,10,11/21/2025 3:53:38 PM,100.0,FINALIZED
238,257,null,10,11/21/2025 4:16:32 PM,85.28,FINALIZED
239,257,null,10,11/21/2025 4:36:05 PM,98.81,FINALIZED
240,255,null,10,11/21/2025 4:51:15 PM,89.06,FINALIZED
241,255,null,10,11/24/2025 8:47:53 AM,95.94,FINALIZED
242,255,null,10,11/24/2025 8:59:05 AM,100.0,FINALIZED
243,255,null,10,11/24/2025 9:33:06 AM,87.13,FINALIZED
244,255,null,10,11/24/2025 9:47:58 AM,100.0,FINALIZED
245,255,null,10,11/24/2025 10:00:05 AM,100.0,FINALIZED
246,255,null,10,11/24/2025 10:18:07 AM,90.83,FINALIZED
247,255,null,10,11/24/2025 10:52:29 AM,74.59,FINALIZED
248,257,null,10,11/24/2025 11:33:57 AM,98.1,FINALIZED
249,257,null,10,11/24/2025 12:23:58 PM,88.7,FINALIZED
250,257,null,10,11/24/2025 12:58:51 PM,82.25,FINALIZED
251,257,null,10,11/24/2025 1:48:34 PM,87.82,FINALIZED
252,257,null,10,11/24/2025 2:13:46 PM,95.64,FINALIZED
253,255,null,10,11/24/2025 3:52:19 PM,84.76,FINALIZED
254,255,null,10,11/24/2025 4:05:31 PM,98.39,FINALIZED
255,255,null,10,11/24/2025 4:38:57 PM,89.06,FINALIZED
256,257,null,10,11/24/2025 4:52:17 PM,12.79,FINALIZED
257,257,null,10,11/25/2025 10:31:20 AM,87.1,FINALIZED
258,257,null,10,11/25/2025 10:59:15 AM,98.84,FINALIZED
259,255,null,10,11/25/2025 11:39:49 AM,80.76,FINALIZED
260,257,null,10,11/25/2025 12:02:13 PM,100.0,FINALIZED
261,257,null,10,11/25/2025 12:37:46 PM,92.75,FINALIZED
262,255,null,10,11/25/2025 1:00:46 PM,100.0,FINALIZED
263,257,null,10,11/25/2025 1:31:56 PM,79.7,FINALIZED
264,255,null,10,11/25/2025 2:05:15 PM,85.99,FINALIZED
265,257,null,10,11/25/2025 3:59:19 PM,84.46,FINALIZED
266,255,null,10,11/25/2025 4:17:09 PM,93.28,FINALIZED
267,257,null,10,11/25/2025 4:34:23 PM,95.34,FINALIZED
268,257,null,10,11/25/2025 4:56:22 PM,98.28,FINALIZED
269,257,null,10,11/25/2025 5:05:36 PM,85.52,FINALIZED
270,255,null,10,11/26/2025 8:59:42 AM,80.15,FINALIZED
271,255,null,10,11/26/2025 9:18:42 AM,95.94,FINALIZED
272,255,null,10,11/26/2025 9:54:02 AM,100.0,FINALIZED
273,255,null,10,11/26/2025 10:25:40 AM,72.41,FINALIZED
274,255,null,10,11/26/2025 11:13:00 AM,69.83,FINALIZED
275,255,null,10,11/26/2025 11:33:16 AM,77.71,FINALIZED
276,255,null,10,11/26/2025 11:57:24 AM,100.0,FINALIZED
277,257,null,10,11/26/2025 12:25:19 PM,100.0,FINALIZED
278,257,null,10,11/26/2025 12:51:23 PM,92.4,FINALIZED
279,257,null,10,11/26/2025 1:38:58 PM,92.4,FINALIZED
280,257,null,10,11/26/2025 2:03:23 PM,98.1,FINALIZED
281,257,null,10,11/26/2025 3:57:54 PM,87.36,FINALIZED
282,255,null,10,11/26/2025 4:22:19 PM,78.12,FINALIZED
283,257,null,10,11/26/2025 4:30:31 PM,98.87,FINALIZED
284,255,null,10,11/26/2025 4:56:52 PM,70.03,FINALIZED
285,255,null,10,12/1/2025 8:59:17 AM,68.1,FINALIZED
286,255,null,10,12/1/2025 9:40:19 AM,88.13,FINALIZED
287,255,null,10,12/1/2025 9:53:53 AM,100.0,FINALIZED
288,255,null,10,12/1/2025 10:32:12 AM,100.0,FINALIZED
289,255,null,10,12/1/2025 10:55:56 AM,100.0,FINALIZED
290,255,null,10,12/1/2025 11:36:19 AM,69.0,FINALIZED
291,255,null,10,12/1/2025 11:54:19 AM,87.28,FINALIZED
292,257,null,10,12/1/2025 12:39:13 PM,96.12,FINALIZED
293,257,null,10,12/1/2025 1:06:27 PM,87.84,FINALIZED
294,257,null,10,12/1/2025 1:24:46 PM,100.0,FINALIZED
295,257,null,10,12/1/2025 1:49:59 PM,88.32,FINALIZED
296,257,null,10,12/1/2025 2:02:50 PM,95.41,FINALIZED
297,255,null,10,12/1/2025 3:52:15 PM,88.0,FINALIZED
298,255,null,10,12/1/2025 4:11:58 PM,100.0,FINALIZED
299,255,null,10,12/1/2025 4:31:21 PM,90.34,FINALIZED
300,257,null,10,12/1/2025 4:43:34 PM,97.5,FINALIZED
301,257,null,10,12/1/2025 4:59:13 PM,100.0,FINALIZED
302,257,null,10,12/2/2025 10:41:41 AM,92.91,FINALIZED
303,257,null,10,12/2/2025 10:56:58 AM,93.7,FINALIZED
304,257,null,10,12/2/2025 11:20:19 AM,92.58,FINALIZED
305,257,null,10,12/2/2025 11:41:07 AM,74.43,FINALIZED
306,257,null,10,12/2/2025 12:00:24 PM,97.74,FINALIZED
307,257,null,10,12/2/2025 12:46:14 PM,82.56,FINALIZED
308,257,null,10,12/2/2025 1:23:49 PM,100.0,FINALIZED
309,257,null,10,12/2/2025 1:53:05 PM,100.0,FINALIZED
310,257,null,10,12/2/2025 3:30:11 PM,100.0,FINALIZED
311,257,null,10,12/2/2025 3:44:44 PM,95.95,FINALIZED
312,257,null,10,12/2/2025 3:59:01 PM,98.52,FINALIZED
313,257,null,10,12/2/2025 4:30:20 PM,97.56,FINALIZED
314,257,null,10,12/2/2025 4:42:39 PM,77.86,FINALIZED
315,257,null,10,12/2/2025 5:00:14 PM,95.22,FINALIZED
316,255,null,10,12/3/2025 8:50:29 AM,74.59,FINALIZED
317,255,null,10,12/3/2025 8:59:21 AM,100.0,FINALIZED
318,255,null,10,12/3/2025 9:45:09 AM,87.71,FINALIZED
319,255,null,10,12/3/2025 9:59:45 AM,70.13,FINALIZED
320,255,null,10,12/3/2025 10:31:28 AM,90.0,FINALIZED
321,255,null,10,12/3/2025 10:47:11 AM,100.0,FINALIZED
322,257,null,10,12/3/2025 10:59:54 AM,100.0,FINALIZED
323,257,null,10,12/3/2025 11:35:54 AM,89.33,FINALIZED
324,257,null,10,12/3/2025 11:59:43 AM,93.07,FINALIZED
325,257,null,10,12/3/2025 12:30:59 PM,97.03,FINALIZED
326,255,null,10,12/3/2025 1:03:06 PM,100.0,FINALIZED
327,255,null,10,12/3/2025 1:43:11 PM,100.0,FINALIZED
328,255,null,10,12/3/2025 2:08:05 PM,79.71,FINALIZED
329,255,null,10,12/3/2025 3:36:07 PM,100.0,FINALIZED
330,255,null,10,12/3/2025 3:50:15 PM,100.0,FINALIZED
331,255,null,10,12/3/2025 3:58:48 PM,100.0,FINALIZED
332,257,null,10,12/3/2025 4:33:02 PM,100.0,FINALIZED
333,257,null,10,12/3/2025 4:45:08 PM,100.0,FINALIZED
334,257,null,10,12/3/2025 5:01:06 PM,95.9,FINALIZED
335,255,null,10,12/4/2025 8:51:09 AM,96.0,FINALIZED
336,255,null,10,12/4/2025 9:06:28 AM,80.67,FINALIZED
337,255,null,10,12/4/2025 9:36:46 AM,86.03,FINALIZED
338,255,null,10,12/4/2025 9:51:03 AM,100.0,FINALIZED
339,255,null,10,12/4/2025 10:12:44 AM,91.95,FINALIZED
340,255,null,10,12/4/2025 11:00:26 AM,25.27,FINALIZED
341,257,null,10,12/4/2025 11:46:13 AM,100.0,FINALIZED
342,257,null,10,12/4/2025 12:03:51 PM,97.9,FINALIZED
343,257,null,10,12/4/2025 12:35:05 PM,100.0,FINALIZED
344,257,null,10,12/4/2025 1:08:39 PM,92.76,FINALIZED
345,255,null,10,12/4/2025 1:45:33 PM,90.34,FINALIZED
346,255,null,10,12/4/2025 2:07:39 PM,86.0,FINALIZED
347,255,null,10,12/4/2025 3:34:57 PM,85.29,FINALIZED
348,255,null,10,12/4/2025 3:55:11 PM,100.0,FINALIZED
349,255,null,10,12/4/2025 4:18:27 PM,100.0,FINALIZED
350,257,null,10,12/4/2025 4:54:25 PM,96.04,FINALIZED
351,255,null,10,12/5/2025 9:14:13 AM,46.52,FINALIZED
352,255,null,10,12/5/2025 9:45:55 AM,100.0,FINALIZED
353,255,null,10,12/5/2025 9:59:23 AM,100.0,FINALIZED
354,255,null,10,12/5/2025 10:35:37 AM,90.0,FINALIZED
355,255,null,10,12/5/2025 10:57:27 AM,100.0,FINALIZED
356,257,null,10,12/5/2025 11:34:53 AM,98.13,FINALIZED
357,257,null,10,12/5/2025 11:57:32 AM,100.0,FINALIZED
358,257,null,10,12/5/2025 12:51:29 PM,100.0,FINALIZED
359,257,null,10,12/5/2025 12:59:16 PM,100.0,FINALIZED
360,257,null,10,12/5/2025 1:30:54 PM,97.01,FINALIZED
361,255,null,10,12/5/2025 1:51:57 PM,90.0,FINALIZED
362,255,null,10,12/5/2025 2:04:03 PM,96.0,FINALIZED
363,255,null,10,12/5/2025 3:18:57 PM,100.0,FINALIZED
364,255,null,10,12/5/2025 3:28:46 PM,82.32,FINALIZED
365,255,null,10,12/5/2025 3:44:15 PM,92.7,FINALIZED
366,257,null,10,12/5/2025 4:12:25 PM,100.0,FINALIZED
367,257,null,10,12/5/2025 4:44:22 PM,100.0,FINALIZED
368,255,null,10,12/5/2025 4:58:14 PM,87.71,FINALIZED
369,255,null,10,12/8/2025 8:46:21 AM,100.0,FINALIZED
370,255,null,10,12/8/2025 8:59:17 AM,89.64,FINALIZED
371,255,null,10,12/8/2025 9:16:45 AM,100.0,FINALIZED
372,255,null,10,12/8/2025 9:58:32 AM,70.13,FINALIZED
373,255,null,10,12/8/2025 10:29:53 AM,85.99,FINALIZED
374,255,null,10,12/8/2025 10:46:57 AM,100.0,FINALIZED
375,257,null,10,12/8/2025 11:20:42 AM,93.41,FINALIZED
376,257,null,10,12/8/2025 11:48:05 AM,98.91,FINALIZED
377,257,null,10,12/8/2025 12:08:54 PM,94.91,FINALIZED
378,257,null,10,12/8/2025 12:41:46 PM,99.01,FINALIZED
379,255,null,10,12/8/2025 12:57:29 PM,80.15,FINALIZED
380,255,null,10,12/8/2025 1:24:43 PM,87.71,FINALIZED
381,255,null,10,12/8/2025 1:41:58 PM,91.3,FINALIZED
382,255,null,10,12/8/2025 2:05:56 PM,80.67,FINALIZED
383,255,null,10,12/8/2025 3:26:17 PM,100.0,FINALIZED
384,257,null,10,12/8/2025 3:45:20 PM,94.88,FINALIZED
385,257,null,10,12/8/2025 4:46:41 PM,84.93,FINALIZED
386,257,null,10,12/8/2025 5:09:16 PM,100.0,FINALIZED
387,257,null,10,12/9/2025 10:58:48 AM,72.94,FINALIZED
388,257,null,10,12/9/2025 11:31:43 AM,89.28,FINALIZED
389,257,null,10,12/9/2025 11:57:23 AM,87.61,FINALIZED
390,257,null,10,12/9/2025 12:31:49 PM,87.39,FINALIZED
391,257,null,10,12/9/2025 1:08:43 PM,95.37,FINALIZED
392,257,null,10,12/9/2025 1:48:36 PM,90.65,FINALIZED
393,257,null,10,12/9/2025 2:33:45 PM,74.01,FINALIZED
394,257,null,10,12/9/2025 4:02:20 PM,100.0,FINALIZED
395,257,null,10,12/9/2025 4:34:29 PM,96.12,FINALIZED
396,257,null,10,12/9/2025 5:00:04 PM,97.9,FINALIZED
397,257,null,10,12/10/2025 9:15:36 AM,100.0,FINALIZED
398,257,null,10,12/10/2025 9:48:41 AM,98.47,FINALIZED
399,257,null,10,12/10/2025 9:59:16 AM,85.53,FINALIZED
400,257,null,10,12/10/2025 10:31:06 AM,100.0,FINALIZED
401,257,null,10,12/10/2025 10:53:38 AM,93.7,FINALIZED
402,257,null,10,12/10/2025 11:26:48 AM,93.7,FINALIZED
403,257,null,10,12/10/2025 11:55:18 AM,91.61,FINALIZED
404,257,null,10,12/10/2025 12:24:55 PM,96.38,FINALIZED
405,257,null,10,12/10/2025 12:58:18 PM,96.95,FINALIZED
406,257,null,10,12/10/2025 1:31:12 PM,94.77,FINALIZED
407,257,null,10,12/10/2025 2:01:07 PM,96.12,FINALIZED
408,257,null,10,12/10/2025 3:35:14 PM,100.0,FINALIZED
409,257,null,10,12/10/2025 3:54:48 PM,100.0,FINALIZED
410,257,null,10,12/10/2025 4:08:38 PM,96.97,FINALIZED
411,257,null,10,12/10/2025 4:48:06 PM,74.62,FINALIZED
412,257,null,10,12/10/2025 5:03:37 PM,95.22,FINALIZED
413,255,null,10,12/11/2025 8:58:59 AM,73.56,FINALIZED
414,255,null,10,12/11/2025 9:49:02 AM,77.71,FINALIZED
415,255,null,10,12/11/2025 9:58:42 AM,100.0,FINALIZED
416,257,null,10,12/11/2025 10:38:30 AM,77.42,FINALIZED
417,255,null,10,12/11/2025 11:05:03 AM,43.18,FINALIZED
418,255,null,10,12/11/2025 11:24:51 AM,100.0,FINALIZED
419,255,null,10,12/11/2025 11:47:21 AM,100.0,FINALIZED
420,257,null,10,12/11/2025 12:27:16 PM,98.1,FINALIZED
421,257,null,10,12/11/2025 12:51:16 PM,97.56,FINALIZED
422,257,null,10,12/11/2025 1:53:57 PM,90.29,FINALIZED
423,257,null,10,12/11/2025 2:02:52 PM,100.0,FINALIZED
424,257,null,10,12/11/2025 3:28:07 PM,97.31,FINALIZED
425,257,null,10,12/11/2025 3:50:22 PM,74.19,FINALIZED
426,255,null,10,12/11/2025 4:08:33 PM,93.28,FINALIZED
427,255,null,10,12/11/2025 4:25:24 PM,100.0,FINALIZED
428,255,null,10,12/11/2025 4:46:12 PM,90.0,FINALIZED
429,255,null,10,12/11/2025 4:58:55 PM,100.0,FINALIZED
430,257,null,10,12/12/2025 8:55:57 AM,100.0,FINALIZED
431,257,null,10,12/12/2025 9:25:01 AM,95.92,FINALIZED
432,257,null,10,12/12/2025 9:55:16 AM,98.1,FINALIZED
433,257,null,10,12/12/2025 10:23:27 AM,82.61,FINALIZED
434,257,null,10,12/12/2025 11:04:06 AM,92.67,FINALIZED
435,255,null,10,12/12/2025 11:20:00 AM,87.71,FINALIZED
436,255,null,10,12/12/2025 11:44:51 AM,90.0,FINALIZED
437,255,null,10,12/12/2025 11:58:09 AM,100.0,FINALIZED
438,255,null,10,12/12/2025 12:28:04 PM,100.0,FINALIZED
439,255,null,10,12/12/2025 12:59:23 PM,100.0,FINALIZED
440,255,null,10,12/12/2025 1:19:30 PM,87.71,FINALIZED
441,255,null,10,12/12/2025 1:38:56 PM,82.48,FINALIZED
442,257,null,10,12/12/2025 2:03:35 PM,98.24,FINALIZED
443,257,null,10,12/12/2025 3:44:53 PM,97.9,FINALIZED
444,257,null,10,12/12/2025 3:59:34 PM,97.9,FINALIZED
445,257,null,10,12/12/2025 4:33:52 PM,83.08,FINALIZED
446,255,null,10,12/12/2025 4:52:29 PM,100.0,FINALIZED
447,255,null,10,12/12/2025 4:59:48 PM,100.0,FINALIZED
448,255,null,10,12/15/2025 8:51:31 AM,100.0,FINALIZED
449,255,null,10,12/15/2025 9:26:59 AM,100.0,FINALIZED
450,255,null,10,12/15/2025 9:47:53 AM,90.0,FINALIZED
451,255,null,10,12/15/2025 10:18:04 AM,100.0,FINALIZED
452,255,null,10,12/15/2025 10:41:05 AM,100.0,FINALIZED
453,257,null,10,12/15/2025 11:45:26 AM,92.82,FINALIZED
454,257,null,10,12/15/2025 12:10:51 PM,100.0,FINALIZED
455,257,null,10,12/15/2025 12:55:01 PM,96.04,FINALIZED
456,257,null,10,12/15/2025 1:29:49 PM,88.8,FINALIZED
457,255,null,10,12/15/2025 1:57:17 PM,100.0,FINALIZED
458,255,null,10,12/15/2025 3:12:37 PM,100.0,FINALIZED
459,255,null,10,12/15/2025 3:33:59 PM,80.15,FINALIZED
460,255,null,10,12/15/2025 3:56:53 PM,100.0,FINALIZED
461,255,null,10,12/15/2025 4:28:23 PM,100.0,FINALIZED
462,255,null,10,12/15/2025 4:48:08 PM,80.15,FINALIZED
463,257,null,10,12/15/2025 5:02:38 PM,88.8,FINALIZED
464,257,null,10,12/16/2025 10:42:35 AM,97.98,FINALIZED
465,257,null,10,12/16/2025 11:12:51 AM,100.0,FINALIZED
466,257,null,10,12/16/2025 11:52:12 AM,92.26,FINALIZED
467,257,null,10,12/16/2025 12:49:33 PM,96.95,FINALIZED
468,255,null,10,12/16/2025 1:05:15 PM,100.0,FINALIZED
469,255,null,10,12/16/2025 1:30:31 PM,100.0,FINALIZED
470,255,null,10,12/16/2025 1:57:58 PM,89.64,FINALIZED
471,255,null,10,12/16/2025 3:39:09 PM,89.06,FINALIZED
472,255,null,10,12/16/2025 4:01:05 PM,100.0,FINALIZED
473,255,null,10,12/16/2025 4:17:48 PM,92.73,FINALIZED
474,255,null,10,12/16/2025 4:59:53 PM,80.15,FINALIZED
475,257,null,10,12/17/2025 8:48:18 AM,93.81,FINALIZED
476,257,null,10,12/17/2025 8:59:40 AM,90.68,FINALIZED
477,257,null,10,12/17/2025 9:37:35 AM,100.0,FINALIZED
478,257,null,10,12/17/2025 10:07:27 AM,87.88,FINALIZED
479,257,null,10,12/17/2025 10:37:14 AM,89.88,FINALIZED
480,257,null,10,12/17/2025 11:00:35 AM,93.91,FINALIZED
481,257,null,10,12/17/2025 11:37:37 AM,89.52,FINALIZED
482,257,null,10,12/17/2025 12:01:29 PM,93.51,FINALIZED
483,257,null,10,12/17/2025 12:31:59 PM,96.76,FINALIZED
484,257,null,10,12/17/2025 12:56:59 PM,98.52,FINALIZED
485,257,null,10,12/17/2025 1:40:51 PM,98.78,FINALIZED
486,257,null,10,12/17/2025 1:54:52 PM,97.74,FINALIZED
487,257,null,10,12/17/2025 3:29:35 PM,100.0,FINALIZED
488,257,null,10,12/17/2025 3:49:47 PM,98.1,FINALIZED
489,257,null,10,12/17/2025 4:05:19 PM,100.0,FINALIZED
490,257,null,10,12/17/2025 4:28:08 PM,96.06,FINALIZED
491,257,null,10,12/17/2025 4:53:05 PM,94.98,FINALIZED
492,257,null,10,12/17/2025 5:00:19 PM,100.0,FINALIZED
493,257,null,10,12/18/2025 8:49:14 AM,91.98,FINALIZED
494,257,null,10,12/18/2025 9:05:07 AM,89.06,FINALIZED
495,257,null,10,12/18/2025 9:48:43 AM,90.46,FINALIZED
496,257,null,10,12/18/2025 10:29:35 AM,90.06,FINALIZED
497,257,null,10,12/18/2025 11:04:30 AM,90.19,FINALIZED
498,257,null,10,12/18/2025 11:37:55 AM,92.05,FINALIZED
499,257,null,10,12/18/2025 12:30:16 PM,91.71,FINALIZED
500,257,null,10,12/18/2025 1:06:55 PM,98.06,FINALIZED
501,257,null,10,12/18/2025 1:30:19 PM,100.0,FINALIZED
502,257,null,10,12/18/2025 1:58:00 PM,100.0,FINALIZED
503,257,null,10,12/18/2025 3:27:57 PM,87.01,FINALIZED
504,257,null,10,12/18/2025 4:07:25 PM,87.4,FINALIZED
505,257,null,10,12/18/2025 4:43:35 PM,93.9,FINALIZED
506,257,null,10,12/18/2025 4:55:17 PM,89.28,FINALIZED
507,257,null,10,12/18/2025 5:00:36 PM,98.84,FINALIZED
508,257,null,10,12/19/2025 8:44:39 AM,100.0,FINALIZED
509,257,null,10,12/19/2025 9:11:26 AM,98.99,FINALIZED
510,257,null,10,12/19/2025 9:37:22 AM,100.0,FINALIZED
511,257,null,10,12/19/2025 9:59:56 AM,100.0,FINALIZED
512,257,null,10,12/19/2025 10:24:56 AM,98.84,FINALIZED
513,255,null,10,12/19/2025 10:49:46 AM,100.0,FINALIZED
514,255,null,10,12/19/2025 11:11:26 AM,100.0,FINALIZED
515,255,null,10,12/19/2025 11:37:10 AM,100.0,FINALIZED
516,255,null,10,12/19/2025 11:51:53 AM,100.0,FINALIZED
517,255,null,10,12/19/2025 12:23:31 PM,100.0,FINALIZED
518,255,null,10,12/19/2025 1:12:30 PM,93.06,FINALIZED
519,255,null,10,12/19/2025 1:31:56 PM,100.0,FINALIZED
520,257,null,10,12/19/2025 1:55:20 PM,100.0,FINALIZED
521,255,null,10,12/19/2025 3:17:02 PM,100.0,FINALIZED
522,255,null,10,12/19/2025 3:36:45 PM,100.0,FINALIZED
523,255,null,10,12/19/2025 3:59:19 PM,100.0,FINALIZED
524,255,null,10,12/19/2025 4:26:41 PM,100.0,FINALIZED
525,255,null,10,12/19/2025 4:37:40 PM,100.0,FINALIZED
526,255,null,10,12/19/2025 4:50:57 PM,100.0,FINALIZED
527,257,null,10,12/22/2025 8:59:03 AM,93.3,FINALIZED
528,257,null,10,12/22/2025 9:59:21 AM,100.0,FINALIZED
529,257,null,10,12/22/2025 10:42:37 AM,100.0,FINALIZED
530,255,null,10,12/30/2025 9:38:42 AM,100.0,FINALIZED
531,255,null,10,12/30/2025 9:58:12 AM,85.99,FINALIZED
532,255,null,10,12/30/2025 10:54:51 AM,78.12,FINALIZED
533,255,null,10,12/30/2025 11:42:33 AM,83.72,FINALIZED
534,255,null,10,12/30/2025 11:58:38 AM,100.0,FINALIZED
535,255,null,10,12/30/2025 12:29:27 PM,100.0,FINALIZED
536,257,null,10,12/30/2025 1:16:25 PM,76.6,FINALIZED
537,257,null,10,12/30/2025 1:58:48 PM,98.99,FINALIZED
538,257,null,10,12/30/2025 3:24:16 PM,98.1,FINALIZED
539,257,null,10,12/30/2025 3:57:49 PM,95.11,FINALIZED
540,257,null,10,12/30/2025 4:23:58 PM,85.53,FINALIZED
541,257,null,10,12/30/2025 4:52:27 PM,93.23,FINALIZED
542,257,null,10,1/2/2026 8:52:13 AM,89.72,FINALIZED
543,257,null,10,1/2/2026 9:01:26 AM,89.89,FINALIZED
544,257,null,10,1/2/2026 9:29:03 AM,100.0,FINALIZED
545,257,null,10,1/2/2026 9:59:48 AM,95.61,FINALIZED
546,257,null,10,1/2/2026 10:25:34 AM,100.0,FINALIZED
547,257,null,10,1/2/2026 10:51:43 AM,87.62,FINALIZED
548,255,null,10,1/2/2026 11:39:31 AM,100.0,FINALIZED
549,255,null,10,1/2/2026 11:58:38 AM,100.0,FINALIZED
550,255,null,10,1/2/2026 12:22:48 PM,79.71,FINALIZED
551,255,null,10,1/2/2026 12:59:44 PM,69.43,FINALIZED
552,255,null,10,1/2/2026 1:37:57 PM,100.0,FINALIZED
553,255,null,10,1/2/2026 2:01:35 PM,77.71,FINALIZED
554,257,null,10,1/2/2026 3:29:41 PM,100.0,FINALIZED
555,257,null,10,1/2/2026 3:58:05 PM,83.87,FINALIZED
556,257,null,10,1/2/2026 4:19:19 PM,96.04,FINALIZED
557,257,null,10,1/2/2026 4:35:11 PM,100.0,FINALIZED
558,257,null,10,1/2/2026 4:57:34 PM,100.0,FINALIZED
559,255,null,10,1/5/2026 8:58:52 AM,91.09,FINALIZED
560,255,null,10,1/5/2026 9:20:04 AM,100.0,FINALIZED
561,255,null,10,1/5/2026 9:50:56 AM,100.0,FINALIZED
562,255,null,10,1/5/2026 10:11:20 AM,100.0,FINALIZED
563,255,null,10,1/5/2026 10:39:55 AM,100.0,FINALIZED
564,255,null,10,1/5/2026 10:58:07 AM,100.0,FINALIZED
565,255,null,10,1/5/2026 11:35:36 AM,100.0,FINALIZED
566,257,null,10,1/5/2026 12:05:07 PM,91.94,FINALIZED
567,257,null,10,1/5/2026 1:03:14 PM,98.1,FINALIZED
568,257,null,10,1/5/2026 2:00:18 PM,92.94,FINALIZED
569,255,null,10,1/5/2026 3:27:22 PM,100.0,FINALIZED
570,255,null,10,1/5/2026 3:41:50 PM,93.06,FINALIZED
571,255,null,10,1/5/2026 3:56:58 PM,100.0,FINALIZED
572,255,null,10,1/5/2026 4:06:17 PM,90.0,FINALIZED
573,255,null,10,1/5/2026 4:26:45 PM,100.0,FINALIZED
574,255,null,10,1/5/2026 4:48:28 PM,100.0,FINALIZED
575,255,null,10,1/5/2026 4:57:33 PM,100.0,FINALIZED
576,257,null,10,1/6/2026 9:57:59 AM,100.0,FINALIZED
577,257,null,10,1/6/2026 10:54:27 AM,98.1,FINALIZED
578,257,null,10,1/6/2026 11:41:45 AM,91.73,FINALIZED
579,257,null,10,1/6/2026 12:06:21 PM,88.28,FINALIZED
580,257,null,10,1/6/2026 12:56:06 PM,94.07,FINALIZED
581,257,null,10,1/6/2026 1:21:34 PM,92.54,FINALIZED
582,257,null,10,1/6/2026 1:48:33 PM,96.53,FINALIZED
583,257,null,10,1/6/2026 1:59:39 PM,90.88,FINALIZED
584,257,null,10,1/6/2026 3:19:30 PM,100.0,FINALIZED
585,257,null,10,1/6/2026 3:41:27 PM,97.6,FINALIZED
586,257,null,10,1/6/2026 3:59:41 PM,100.0,FINALIZED
587,257,null,10,1/6/2026 4:28:09 PM,100.0,FINALIZED
588,257,null,10,1/6/2026 5:03:29 PM,92.26,FINALIZED
589,257,null,10,1/7/2026 8:50:19 AM,90.9,FINALIZED
590,257,null,10,1/7/2026 9:03:09 AM,86.14,FINALIZED
591,257,null,10,1/7/2026 9:33:24 AM,90.95,FINALIZED
592,257,null,10,1/7/2026 10:10:33 AM,79.16,FINALIZED
593,257,null,10,1/7/2026 10:50:16 AM,84.42,FINALIZED
594,257,null,10,1/7/2026 11:05:39 AM,93.23,FINALIZED
595,257,null,10,1/7/2026 11:51:18 AM,97.65,FINALIZED
596,257,null,10,1/7/2026 12:01:20 PM,97.9,FINALIZED
597,257,null,10,1/7/2026 1:14:19 PM,85.97,FINALIZED
598,257,null,10,1/7/2026 1:47:10 PM,94.44,FINALIZED
599,255,null,10,1/7/2026 3:33:03 PM,89.06,FINALIZED
600,255,null,10,1/7/2026 3:46:02 PM,100.0,FINALIZED
601,255,null,10,1/7/2026 4:00:52 PM,100.0,FINALIZED
602,255,null,10,1/7/2026 4:25:16 PM,74.59,FINALIZED
603,255,null,10,1/7/2026 4:38:41 PM,100.0,FINALIZED
604,255,null,10,1/7/2026 4:54:25 PM,89.06,FINALIZED
605,257,null,10,1/7/2026 5:01:55 PM,98.13,FINALIZED
606,257,null,10,1/8/2026 8:52:03 AM,100.0,FINALIZED
607,257,null,10,1/8/2026 9:24:01 AM,96.23,FINALIZED
608,257,null,10,1/8/2026 9:47:34 AM,86.03,FINALIZED
609,255,null,10,1/8/2026 10:13:10 AM,87.71,FINALIZED
610,255,null,10,1/8/2026 10:42:51 AM,90.34,FINALIZED
611,255,null,10,1/8/2026 10:59:18 AM,100.0,FINALIZED
612,255,null,10,1/8/2026 11:26:18 AM,100.0,FINALIZED
613,255,null,10,1/8/2026 11:54:52 AM,100.0,FINALIZED
614,255,null,10,1/8/2026 11:59:59 AM,100.0,FINALIZED
615,255,null,10,1/8/2026 12:25:31 PM,70.13,FINALIZED
616,257,null,10,1/8/2026 1:16:03 PM,91.29,FINALIZED
617,257,null,10,1/8/2026 1:41:52 PM,100.0,FINALIZED
618,257,null,10,1/8/2026 2:05:46 PM,100.0,FINALIZED
619,255,null,10,1/8/2026 3:29:23 PM,100.0,FINALIZED
620,255,null,10,1/8/2026 3:44:18 PM,95.94,FINALIZED
621,255,null,10,1/8/2026 4:02:21 PM,78.12,FINALIZED
622,255,null,10,1/8/2026 4:23:23 PM,100.0,FINALIZED
623,255,null,10,1/8/2026 4:38:06 PM,100.0,FINALIZED
624,255,null,10,1/8/2026 4:56:54 PM,100.0,FINALIZED
625,255,null,10,1/9/2026 8:49:06 AM,92.34,FINALIZED
626,255,null,10,1/9/2026 8:58:47 AM,100.0,FINALIZED
627,257,null,10,1/9/2026 9:40:49 AM,92.85,FINALIZED
628,257,null,10,1/9/2026 9:59:24 AM,99.01,FINALIZED
629,257,null,10,1/9/2026 10:31:41 AM,100.0,FINALIZED
630,257,null,10,1/9/2026 10:56:42 AM,100.0,FINALIZED
631,255,null,10,1/9/2026 11:38:07 AM,100.0,FINALIZED
632,255,null,10,1/9/2026 11:59:11 AM,100.0,FINALIZED
633,255,null,10,1/9/2026 12:30:35 PM,100.0,FINALIZED
634,255,null,10,1/9/2026 12:45:55 PM,100.0,FINALIZED
635,255,null,10,1/9/2026 12:58:54 PM,100.0,FINALIZED
636,257,null,10,1/9/2026 1:22:10 PM,98.88,FINALIZED
637,257,null,10,1/9/2026 2:04:25 PM,99.01,FINALIZED
638,257,null,10,1/9/2026 4:01:01 PM,95.88,FINALIZED
639,257,null,10,1/9/2026 4:27:04 PM,96.27,FINALIZED
640,255,null,10,1/9/2026 4:39:04 PM,100.0,FINALIZED
641,255,null,10,1/9/2026 4:49:44 PM,98.0,FINALIZED
642,255,null,10,1/9/2026 4:57:30 PM,100.0,FINALIZED
643,255,null,10,1/12/2026 8:51:46 AM,60.34,FINALIZED
644,255,null,10,1/12/2026 9:00:51 AM,100.0,FINALIZED
645,255,null,10,1/12/2026 9:25:10 AM,92.34,FINALIZED
646,257,null,10,1/12/2026 10:08:32 AM,92.56,FINALIZED
647,257,null,10,1/12/2026 10:59:48 AM,95.6,FINALIZED
648,257,null,10,1/12/2026 11:51:02 AM,100.0,FINALIZED
649,257,null,10,1/12/2026 12:43:33 PM,91.53,FINALIZED
650,257,null,10,1/12/2026 1:09:12 PM,95.37,FINALIZED
651,255,null,10,1/12/2026 1:35:37 PM,87.71,FINALIZED
652,255,null,10,1/12/2026 1:53:49 PM,98.0,FINALIZED
653,255,null,10,1/12/2026 3:24:16 PM,100.0,FINALIZED
654,255,null,10,1/12/2026 3:39:22 PM,100.0,FINALIZED
655,255,null,10,1/12/2026 3:50:34 PM,87.71,FINALIZED
656,255,null,10,1/12/2026 4:12:17 PM,100.0,FINALIZED
657,257,null,10,1/12/2026 4:37:32 PM,98.93,FINALIZED
658,257,null,10,1/12/2026 4:55:20 PM,96.06,FINALIZED
659,255,null,10,1/13/2026 10:26:13 AM,91.95,FINALIZED
660,257,null,10,1/13/2026 11:05:23 AM,97.96,FINALIZED
661,257,null,10,1/13/2026 11:27:09 AM,97.75,FINALIZED
662,257,null,10,1/13/2026 11:58:34 AM,97.56,FINALIZED
663,255,null,10,1/13/2026 12:26:07 PM,100.0,FINALIZED
664,255,null,10,1/13/2026 12:55:48 PM,88.51,FINALIZED
665,255,null,10,1/13/2026 1:32:35 PM,100.0,FINALIZED
666,255,null,10,1/13/2026 1:59:42 PM,80.67,FINALIZED
667,255,null,10,1/13/2026 3:22:25 PM,100.0,FINALIZED
668,255,null,10,1/13/2026 3:40:32 PM,91.95,FINALIZED
669,255,null,10,1/13/2026 3:58:08 PM,100.0,FINALIZED
670,257,null,10,1/13/2026 4:26:52 PM,97.98,FINALIZED
671,257,null,10,1/13/2026 4:46:35 PM,100.0,FINALIZED
672,257,null,10,1/13/2026 4:59:52 PM,97.48,FINALIZED
673,257,null,10,1/14/2026 8:46:54 AM,97.6,FINALIZED
674,257,null,10,1/14/2026 8:59:49 AM,98.04,FINALIZED
675,257,null,10,1/14/2026 9:27:54 AM,98.11,FINALIZED
676,257,null,10,1/14/2026 10:20:17 AM,87.84,FINALIZED
677,257,null,10,1/14/2026 11:23:27 AM,64.56,FINALIZED
678,257,null,10,1/14/2026 11:53:39 AM,92.76,FINALIZED
679,257,null,10,1/14/2026 12:36:36 PM,88.76,FINALIZED
680,257,null,10,1/14/2026 1:03:16 PM,92.69,FINALIZED
681,257,null,10,1/14/2026 1:58:26 PM,94.16,FINALIZED
682,257,null,10,1/14/2026 3:34:35 PM,100.0,FINALIZED
683,257,null,10,1/14/2026 3:53:48 PM,97.85,FINALIZED
684,257,null,10,1/14/2026 4:03:31 PM,96.51,FINALIZED
685,257,null,10,1/14/2026 4:39:33 PM,62.75,FINALIZED
686,257,null,10,1/14/2026 5:04:51 PM,95.96,FINALIZED
687,257,null,10,1/15/2026 9:24:52 AM,97.54,FINALIZED
688,257,null,10,1/15/2026 9:48:28 AM,93.7,FINALIZED
689,257,null,10,1/15/2026 10:04:06 AM,100.0,FINALIZED
690,257,null,10,1/15/2026 10:27:52 AM,98.06,FINALIZED
691,257,null,10,1/15/2026 10:55:26 AM,98.1,FINALIZED
692,257,null,10,1/15/2026 11:47:05 AM,92.4,FINALIZED
693,255,null,10,1/15/2026 12:06:54 PM,85.26,FINALIZED
694,255,null,10,1/15/2026 12:19:13 PM,65.7,FINALIZED
695,255,null,10,1/15/2026 12:48:05 PM,91.4,FINALIZED
696,255,null,10,1/15/2026 1:03:52 PM,100.0,FINALIZED
697,255,null,10,1/15/2026 1:15:27 PM,100.0,FINALIZED
698,255,null,10,1/15/2026 1:52:06 PM,90.0,FINALIZED
699,257,null,10,1/15/2026 2:10:36 PM,100.0,FINALIZED
700,257,null,10,1/15/2026 3:32:51 PM,100.0,FINALIZED
701,257,null,10,1/15/2026 3:49:28 PM,100.0,FINALIZED
702,257,null,10,1/15/2026 4:14:26 PM,100.0,FINALIZED
703,255,null,10,1/15/2026 4:45:49 PM,87.13,FINALIZED
704,255,null,10,1/15/2026 4:58:44 PM,87.71,FINALIZED
705,255,null,10,1/16/2026 8:42:47 AM,100.0,FINALIZED
706,255,null,10,1/16/2026 8:59:58 AM,80.15,FINALIZED
707,255,null,10,1/16/2026 9:42:02 AM,80.15,FINALIZED
708,255,null,10,1/16/2026 9:51:42 AM,83.72,FINALIZED
709,255,null,10,1/16/2026 10:26:08 AM,89.06,FINALIZED
710,257,null,10,1/16/2026 10:48:52 AM,100.0,FINALIZED
711,257,null,10,1/16/2026 11:32:39 AM,88.67,FINALIZED
712,257,null,10,1/16/2026 12:08:31 PM,100.0,FINALIZED
713,257,null,10,1/16/2026 12:22:55 PM,94.29,FINALIZED
714,255,null,10,1/16/2026 12:34:45 PM,100.0,FINALIZED
715,255,null,10,1/16/2026 12:52:03 PM,87.75,FINALIZED
716,255,null,10,1/16/2026 1:20:14 PM,83.71,FINALIZED
717,255,null,10,1/16/2026 1:40:12 PM,100.0,FINALIZED
718,255,null,10,1/16/2026 1:56:53 PM,100.0,FINALIZED
719,255,null,10,1/16/2026 3:27:25 PM,100.0,FINALIZED
720,255,null,10,1/16/2026 3:42:46 PM,100.0,FINALIZED
721,257,null,10,1/16/2026 3:59:10 PM,98.77,FINALIZED
722,257,null,10,1/16/2026 4:28:27 PM,100.0,FINALIZED
723,257,null,10,1/16/2026 4:56:45 PM,100.0,FINALIZED
724,257,null,10,1/20/2026 10:38:30 AM,100.0,FINALIZED
725,257,null,10,1/20/2026 11:00:08 AM,87.8,FINALIZED
726,257,null,10,1/20/2026 11:24:44 AM,85.0,FINALIZED
727,257,null,10,1/20/2026 11:54:21 AM,90.46,FINALIZED
728,257,null,10,1/20/2026 12:39:07 PM,87.62,FINALIZED
729,257,null,10,1/20/2026 1:01:20 PM,96.95,FINALIZED
730,257,null,10,1/20/2026 1:38:16 PM,100.0,FINALIZED
731,257,null,10,1/20/2026 1:58:14 PM,100.0,FINALIZED
732,257,null,10,1/20/2026 3:33:53 PM,100.0,FINALIZED
733,257,null,10,1/20/2026 3:56:34 PM,100.0,FINALIZED
734,257,null,10,1/20/2026 4:24:59 PM,96.95,FINALIZED
735,257,null,10,1/20/2026 4:55:09 PM,74.51,FINALIZED
736,257,null,10,1/20/2026 5:05:28 PM,100.0,FINALIZED
737,257,null,10,1/21/2026 10:33:40 AM,96.38,FINALIZED
738,257,null,10,1/21/2026 11:00:30 AM,95.22,FINALIZED
739,257,null,10,1/21/2026 11:31:30 AM,95.2,FINALIZED
740,257,null,10,1/21/2026 12:00:10 PM,100.0,FINALIZED
741,257,null,10,1/21/2026 1:01:51 PM,98.13,FINALIZED
742,257,null,10,1/21/2026 1:41:10 PM,100.0,FINALIZED
743,257,null,10,1/21/2026 2:01:04 PM,100.0,FINALIZED
744,257,null,10,1/21/2026 3:33:12 PM,96.96,FINALIZED
745,257,null,10,1/21/2026 3:59:41 PM,100.0,FINALIZED
746,257,null,10,1/21/2026 4:35:53 PM,97.04,FINALIZED
747,257,null,10,1/21/2026 5:01:31 PM,97.63,FINALIZED
748,255,null,10,1/26/2026 8:58:10 AM,82.3,FINALIZED
749,255,null,10,1/26/2026 9:27:14 AM,100.0,FINALIZED
750,255,null,10,1/26/2026 9:55:11 AM,90.0,FINALIZED
751,255,null,10,1/26/2026 10:38:48 AM,87.75,FINALIZED
752,255,null,10,1/26/2026 11:00:04 AM,65.9,FINALIZED
753,257,null,10,1/26/2026 11:45:12 AM,94.69,FINALIZED
754,257,null,10,1/26/2026 12:01:18 PM,98.99,FINALIZED
755,257,null,10,1/26/2026 12:25:50 PM,97.75,FINALIZED
756,255,null,10,1/26/2026 12:47:08 PM,100.0,FINALIZED
757,255,null,10,1/26/2026 1:11:15 PM,100.0,FINALIZED
758,255,null,10,1/26/2026 1:48:59 PM,100.0,FINALIZED
759,255,null,10,1/26/2026 2:00:05 PM,100.0,FINALIZED
760,255,null,10,1/26/2026 3:36:11 PM,85.5,FINALIZED
761,257,null,10,1/26/2026 3:56:40 PM,100.0,FINALIZED
762,257,null,10,1/26/2026 4:20:18 PM,100.0,FINALIZED
763,257,null,10,1/26/2026 4:42:28 PM,84.12,FINALIZED
764,255,null,10,1/26/2026 4:56:02 PM,80.15,FINALIZED
765,255,null,10,1/27/2026 10:29:56 AM,100.0,FINALIZED
766,260,null,10,1/27/2026 10:47:21 AM,100.0,FINALIZED
767,260,null,10,1/27/2026 11:18:55 AM,71.97,FINALIZED
768,260,null,10,1/27/2026 12:07:14 PM,72.41,FINALIZED
769,260,null,10,1/27/2026 12:45:14 PM,80.81,FINALIZED
770,259,null,10,1/27/2026 1:18:27 PM,100.0,FINALIZED
771,259,null,10,1/27/2026 2:02:11 PM,76.73,FINALIZED
772,259,null,10,1/27/2026 3:35:25 PM,98.15,FINALIZED
773,259,null,10,1/27/2026 3:59:20 PM,100.0,FINALIZED
774,259,null,10,1/27/2026 4:28:45 PM,100.0,FINALIZED
775,260,null,10,1/27/2026 4:43:44 PM,91.95,FINALIZED
776,260,null,10,1/27/2026 4:58:40 PM,100.0,FINALIZED
777,260,null,10,1/28/2026 8:46:01 AM,100.0,FINALIZED
778,260,null,10,1/28/2026 9:10:32 AM,77.71,FINALIZED
779,260,null,10,1/28/2026 9:54:46 AM,90.0,FINALIZED
780,260,null,10,1/28/2026 10:18:12 AM,100.0,FINALIZED
781,260,null,10,1/28/2026 10:58:11 AM,100.0,FINALIZED
782,259,null,10,1/28/2026 12:10:49 PM,95.79,FINALIZED
783,259,null,10,1/28/2026 12:59:29 PM,63.95,FINALIZED
784,259,null,10,1/28/2026 1:39:14 PM,90.1,FINALIZED
785,259,null,10,1/28/2026 2:02:52 PM,100.0,FINALIZED
786,259,null,10,1/28/2026 3:39:49 PM,97.9,FINALIZED
787,260,null,10,1/28/2026 4:18:29 PM,83.68,FINALIZED
788,260,null,10,1/28/2026 4:47:03 PM,83.68,FINALIZED
789,259,null,10,1/28/2026 4:56:01 PM,100.0,FINALIZED
790,260,null,10,1/29/2026 8:45:45 AM,100.0,FINALIZED
791,260,null,10,1/29/2026 8:59:01 AM,100.0,FINALIZED
792,260,null,10,1/29/2026 9:45:37 AM,100.0,FINALIZED
793,260,null,10,1/29/2026 10:11:54 AM,100.0,FINALIZED
794,260,null,10,1/29/2026 10:46:24 AM,100.0,FINALIZED
795,260,null,10,1/29/2026 10:58:59 AM,100.0,FINALIZED
796,259,null,10,1/29/2026 11:28:55 AM,100.0,FINALIZED
797,259,null,10,1/29/2026 11:58:59 AM,100.0,FINALIZED
798,259,null,10,1/29/2026 12:24:04 PM,95.08,FINALIZED
799,259,null,10,1/29/2026 12:59:52 PM,96.89,FINALIZED
800,259,null,10,1/29/2026 2:00:23 PM,89.39,FINALIZED
801,260,null,10,1/29/2026 3:19:37 PM,100.0,FINALIZED
802,260,null,10,1/29/2026 3:49:14 PM,80.46,FINALIZED
803,260,null,10,1/29/2026 4:11:54 PM,100.0,FINALIZED
804,260,null,10,1/29/2026 4:37:51 PM,89.06,FINALIZED
805,260,null,10,1/29/2026 4:54:32 PM,100.0,FINALIZED
806,260,null,10,1/30/2026 8:59:53 AM,79.09,FINALIZED
807,260,null,10,1/30/2026 9:47:10 AM,100.0,FINALIZED
808,259,null,10,1/30/2026 10:09:04 AM,100.0,FINALIZED
809,259,null,10,1/30/2026 10:57:21 AM,100.0,FINALIZED
810,259,null,10,1/30/2026 11:40:45 AM,100.0,FINALIZED
811,259,null,10,1/30/2026 12:04:54 PM,95.83,FINALIZED
812,260,null,10,1/30/2026 12:27:24 PM,100.0,FINALIZED
813,260,null,10,1/30/2026 1:01:02 PM,80.15,FINALIZED
814,260,null,10,1/30/2026 1:23:07 PM,100.0,FINALIZED
815,260,null,10,1/30/2026 1:45:27 PM,100.0,FINALIZED
816,260,null,10,1/30/2026 3:33:52 PM,90.0,FINALIZED
817,259,null,10,1/30/2026 4:15:00 PM,93.11,FINALIZED
818,260,null,10,1/30/2026 4:29:49 PM,100.0,FINALIZED
819,259,null,10,1/30/2026 4:44:54 PM,98.74,FINALIZED
820,259,null,10,1/30/2026 5:02:10 PM,100.0,FINALIZED
821,259,null,10,2/2/2026 8:44:48 AM,100.0,FINALIZED
822,259,null,10,2/2/2026 8:59:24 AM,98.1,FINALIZED
823,260,null,10,2/2/2026 9:36:48 AM,100.0,FINALIZED
824,260,null,10,2/2/2026 9:49:19 AM,100.0,FINALIZED
825,260,null,10,2/2/2026 9:59:11 AM,100.0,FINALIZED
826,260,null,10,2/2/2026 10:36:38 AM,67.87,FINALIZED
827,260,null,10,2/2/2026 10:54:24 AM,100.0,FINALIZED
828,260,null,10,2/2/2026 11:39:38 AM,80.67,FINALIZED
829,260,null,10,2/2/2026 11:59:41 AM,100.0,FINALIZED
830,259,null,10,2/2/2026 12:44:01 PM,100.0,FINALIZED
831,259,null,10,2/2/2026 1:44:44 PM,100.0,FINALIZED
832,259,null,10,2/2/2026 2:01:39 PM,98.13,FINALIZED
833,259,null,10,2/2/2026 3:27:09 PM,100.0,FINALIZED
834,260,null,10,2/2/2026 3:56:12 PM,75.71,FINALIZED
835,260,null,10,2/2/2026 4:15:41 PM,100.0,FINALIZED
836,260,null,10,2/2/2026 4:27:56 PM,100.0,FINALIZED
837,260,null,10,2/2/2026 4:53:02 PM,80.15,FINALIZED
838,260,null,10,2/3/2026 10:16:23 AM,93.34,FINALIZED
839,260,null,10,2/3/2026 10:34:05 AM,100.0,FINALIZED
840,260,null,10,2/3/2026 10:58:04 AM,90.0,FINALIZED
841,259,null,10,2/3/2026 11:58:16 AM,94.04,FINALIZED
842,259,null,10,2/3/2026 12:43:13 PM,93.1,FINALIZED
843,259,null,10,2/3/2026 12:53:08 PM,97.7,FINALIZED
844,259,null,10,2/3/2026 1:27:46 PM,100.0,FINALIZED
845,259,null,10,2/3/2026 2:11:41 PM,90.29,FINALIZED
846,259,null,10,2/3/2026 3:35:22 PM,92.18,FINALIZED
847,259,null,10,2/3/2026 3:51:46 PM,100.0,FINALIZED
848,259,null,10,2/3/2026 4:16:10 PM,73.26,FINALIZED
849,259,null,10,2/3/2026 4:36:36 PM,100.0,FINALIZED
850,259,null,10,2/3/2026 4:53:49 PM,74.51,FINALIZED
851,259,null,10,2/3/2026 5:05:12 PM,91.3,FINALIZED
852,259,null,10,2/4/2026 8:49:06 AM,97.6,FINALIZED
853,259,null,10,2/4/2026 9:10:54 AM,74.29,FINALIZED
854,259,null,10,2/4/2026 9:48:36 AM,100.0,FINALIZED
855,259,null,10,2/4/2026 11:28:36 AM,67.12,FINALIZED
856,259,null,10,2/4/2026 11:52:09 AM,100.0,FINALIZED
857,259,null,10,2/4/2026 12:33:36 PM,100.0,FINALIZED
858,259,null,10,2/4/2026 12:56:04 PM,95.22,FINALIZED
859,259,null,10,2/4/2026 1:24:41 PM,95.42,FINALIZED
860,259,null,10,2/4/2026 1:49:55 PM,96.76,FINALIZED
861,259,null,10,2/4/2026 2:16:40 PM,80.39,FINALIZED
862,259,null,10,2/4/2026 3:40:49 PM,92.76,FINALIZED
863,259,null,10,2/4/2026 3:52:52 PM,96.76,FINALIZED
864,259,null,10,2/4/2026 4:14:55 PM,96.86,FINALIZED
865,259,null,10,2/4/2026 4:42:02 PM,97.01,FINALIZED
866,259,null,10,2/4/2026 4:57:37 PM,98.94,FINALIZED
867,259,null,10,2/5/2026 8:51:23 AM,100.0,FINALIZED
868,259,null,10,2/5/2026 9:38:02 AM,84.19,FINALIZED
869,259,null,10,2/5/2026 10:10:48 AM,95.61,FINALIZED
870,260,null,10,2/5/2026 10:37:09 AM,100.0,FINALIZED
871,260,null,10,2/5/2026 11:00:14 AM,100.0,FINALIZED
872,260,null,10,2/5/2026 11:19:13 AM,92.73,FINALIZED
873,260,null,10,2/5/2026 11:59:04 AM,100.0,FINALIZED
874,260,null,10,2/5/2026 12:15:20 PM,100.0,FINALIZED
875,260,null,10,2/5/2026 12:49:21 PM,100.0,FINALIZED
876,260,null,10,2/5/2026 1:10:36 PM,100.0,FINALIZED
877,259,null,10,2/5/2026 1:41:52 PM,98.87,FINALIZED
878,259,null,10,2/5/2026 2:01:51 PM,80.72,FINALIZED
879,259,null,10,2/5/2026 3:23:53 PM,98.1,FINALIZED
880,259,null,10,2/5/2026 3:38:43 PM,98.1,FINALIZED
881,260,null,10,2/5/2026 3:54:16 PM,100.0,FINALIZED
882,260,null,10,2/5/2026 4:30:33 PM,87.13,FINALIZED
883,260,null,10,2/5/2026 5:01:45 PM,88.61,FINALIZED
884,260,null,10,2/6/2026 8:47:34 AM,100.0,FINALIZED
885,260,null,10,2/6/2026 8:59:59 AM,100.0,FINALIZED
886,260,null,10,2/6/2026 9:23:49 AM,100.0,FINALIZED
887,260,null,10,2/6/2026 9:36:53 AM,100.0,FINALIZED
888,259,null,10,2/6/2026 10:02:44 AM,98.13,FINALIZED
889,259,null,10,2/6/2026 10:42:42 AM,100.0,FINALIZED
890,259,null,10,2/6/2026 10:55:59 AM,100.0,FINALIZED
891,259,null,10,2/6/2026 11:40:58 AM,100.0,FINALIZED
892,259,null,10,2/6/2026 12:55:53 PM,86.47,FINALIZED
893,260,null,10,2/6/2026 3:39:38 PM,100.0,FINALIZED
894,260,null,10,2/6/2026 4:01:26 PM,90.0,FINALIZED
895,260,null,10,2/6/2026 4:14:49 PM,100.0,FINALIZED
896,260,null,10,2/6/2026 4:33:58 PM,100.0,FINALIZED
897,260,null,10,2/6/2026 4:44:55 PM,100.0,FINALIZED
898,260,null,10,2/6/2026 5:00:01 PM,100.0,FINALIZED
899,260,null,10,2/9/2026 8:53:25 AM,85.5,FINALIZED
900,259,null,10,2/9/2026 9:03:42 AM,99.01,FINALIZED
901,259,null,10,2/9/2026 9:38:45 AM,100.0,FINALIZED
902,259,null,10,2/9/2026 9:53:48 AM,100.0,FINALIZED
903,259,null,10,2/9/2026 10:49:29 AM,100.0,FINALIZED
904,259,null,10,2/9/2026 11:59:30 AM,81.07,FINALIZED
905,260,null,10,2/9/2026 12:38:27 PM,90.0,FINALIZED
906,260,null,10,2/9/2026 12:59:26 PM,100.0,FINALIZED
907,260,null,10,2/9/2026 1:21:14 PM,100.0,FINALIZED
908,260,null,10,2/9/2026 1:38:07 PM,100.0,FINALIZED
909,260,null,10,2/9/2026 2:07:37 PM,80.15,FINALIZED
910,260,null,10,2/9/2026 3:30:00 PM,100.0,FINALIZED
911,259,null,10,2/9/2026 4:40:28 PM,92.4,FINALIZED
912,259,null,10,2/9/2026 4:53:31 PM,78.77,FINALIZED
913,259,null,10,2/10/2026 11:10:14 AM,76.77,FINALIZED
914,259,null,10,2/10/2026 11:29:08 AM,97.66,FINALIZED
915,259,null,10,2/10/2026 12:00:27 PM,100.0,FINALIZED
916,259,null,10,2/10/2026 12:57:21 PM,87.36,FINALIZED
917,259,null,10,2/10/2026 1:25:17 PM,100.0,FINALIZED
918,259,null,10,2/10/2026 1:48:20 PM,87.21,FINALIZED
919,259,null,10,2/10/2026 2:14:36 PM,100.0,FINALIZED
920,259,null,10,2/10/2026 3:55:25 PM,79.12,FINALIZED
921,259,null,10,2/10/2026 4:09:04 PM,87.39,FINALIZED
922,259,null,10,2/10/2026 4:33:13 PM,90.3,FINALIZED
923,259,null,10,2/10/2026 4:55:21 PM,95.79,FINALIZED
924,259,null,10,2/10/2026 5:23:15 PM,97.8,FINALIZED
925,259,null,10,2/11/2026 8:46:22 AM,97.96,FINALIZED
926,260,null,10,2/11/2026 8:59:25 AM,100.0,FINALIZED
927,260,null,10,2/11/2026 9:34:52 AM,100.0,FINALIZED
928,260,null,10,2/11/2026 9:50:32 AM,100.0,FINALIZED
929,260,null,10,2/11/2026 10:07:16 AM,100.0,FINALIZED
930,260,null,10,2/11/2026 10:33:24 AM,100.0,FINALIZED
931,260,null,10,2/11/2026 10:51:55 AM,100.0,FINALIZED
932,260,null,10,2/11/2026 11:01:50 AM,100.0,FINALIZED
933,259,null,10,2/11/2026 11:29:37 AM,92.45,FINALIZED
934,259,null,10,2/11/2026 12:30:20 PM,98.06,FINALIZED
935,259,null,10,2/11/2026 1:01:52 PM,98.1,FINALIZED
936,259,null,10,2/11/2026 1:41:27 PM,94.17,FINALIZED
937,260,null,10,2/11/2026 2:01:52 PM,100.0,FINALIZED
938,260,null,10,2/11/2026 3:31:59 PM,90.0,FINALIZED
939,260,null,10,2/11/2026 3:50:05 PM,100.0,FINALIZED
940,260,null,10,2/11/2026 4:16:37 PM,90.0,FINALIZED
941,260,null,10,2/11/2026 4:44:19 PM,90.0,FINALIZED
942,260,null,10,2/11/2026 4:59:25 PM,100.0,FINALIZED
943,260,null,10,2/12/2026 8:45:20 AM,74.59,FINALIZED
944,259,null,10,2/12/2026 9:10:37 AM,93.24,FINALIZED
945,259,null,10,2/12/2026 9:54:34 AM,69.18,FINALIZED
946,259,null,10,2/12/2026 11:04:49 AM,86.41,FINALIZED
947,259,null,10,2/12/2026 11:43:39 AM,87.98,FINALIZED
948,259,null,10,2/12/2026 11:58:48 AM,92.76,FINALIZED
949,259,null,10,2/12/2026 12:35:55 PM,80.48,FINALIZED
950,259,null,10,2/12/2026 12:56:20 PM,98.84,FINALIZED
951,259,null,10,2/12/2026 1:32:37 PM,92.76,FINALIZED
952,259,null,10,2/12/2026 2:11:09 PM,63.53,FINALIZED
953,259,null,10,2/12/2026 3:34:40 PM,92.79,FINALIZED
954,259,null,10,2/12/2026 4:06:02 PM,90.4,FINALIZED
955,259,null,10,2/12/2026 4:27:10 PM,100.0,FINALIZED
956,259,null,10,2/12/2026 4:38:01 PM,97.98,FINALIZED
957,259,null,10,2/12/2026 4:52:20 PM,97.66,FINALIZED
958,259,null,10,2/13/2026 8:57:06 AM,97.94,FINALIZED
959,259,null,10,2/13/2026 9:25:46 AM,100.0,FINALIZED
960,260,null,10,2/13/2026 9:43:22 AM,100.0,FINALIZED
961,260,null,10,2/13/2026 9:59:34 AM,100.0,FINALIZED
962,260,null,10,2/13/2026 10:34:24 AM,100.0,FINALIZED
963,260,null,10,2/13/2026 10:52:18 AM,100.0,FINALIZED
964,260,null,10,2/13/2026 11:20:04 AM,100.0,FINALIZED
965,260,null,10,2/13/2026 11:42:16 AM,100.0,FINALIZED
966,260,null,10,2/13/2026 11:55:17 AM,100.0,FINALIZED
967,259,null,10,2/13/2026 12:28:54 PM,100.0,FINALIZED
968,259,null,10,2/13/2026 1:00:20 PM,91.71,FINALIZED
969,259,null,10,2/13/2026 2:04:19 PM,84.8,FINALIZED
970,259,null,10,2/13/2026 3:51:02 PM,94.16,FINALIZED
971,259,null,10,2/13/2026 4:07:45 PM,97.94,FINALIZED
972,260,null,10,2/13/2026 4:31:10 PM,78.73,FINALIZED
973,260,null,10,2/13/2026 4:52:22 PM,96.78,FINALIZED
974,260,null,10,2/16/2026 8:44:46 AM,100.0,FINALIZED
975,260,null,10,2/16/2026 9:02:44 AM,80.46,FINALIZED
976,260,null,10,2/16/2026 9:32:32 AM,100.0,FINALIZED
977,260,null,10,2/16/2026 9:47:37 AM,100.0,FINALIZED
978,260,null,10,2/16/2026 10:00:05 AM,93.77,FINALIZED
979,259,null,10,2/16/2026 10:41:25 AM,96.34,FINALIZED
980,259,null,10,2/16/2026 12:03:09 PM,79.62,FINALIZED
981,259,null,10,2/16/2026 12:36:49 PM,97.98,FINALIZED
982,259,null,10,2/16/2026 12:59:19 PM,97.67,FINALIZED
983,259,null,10,2/16/2026 1:32:16 PM,100.0,FINALIZED
984,260,null,10,2/16/2026 2:01:01 PM,100.0,FINALIZED
985,260,null,10,2/16/2026 3:32:35 PM,100.0,FINALIZED
986,260,null,10,2/16/2026 3:56:45 PM,96.71,FINALIZED
987,260,null,10,2/16/2026 4:29:07 PM,70.99,FINALIZED
988,260,null,10,2/16/2026 4:56:46 PM,90.0,FINALIZED
989,260,null,10,2/17/2026 10:11:50 AM,100.0,FINALIZED
990,259,null,10,2/17/2026 10:37:12 AM,100.0,FINALIZED
991,259,null,10,2/17/2026 10:59:44 AM,100.0,FINALIZED
992,259,null,10,2/17/2026 11:55:19 AM,89.39,FINALIZED
993,259,null,10,2/17/2026 12:32:03 PM,93.18,FINALIZED
994,259,null,10,2/17/2026 12:52:30 PM,92.65,FINALIZED
995,259,null,10,2/17/2026 1:33:14 PM,97.41,FINALIZED
996,259,null,10,2/17/2026 1:56:31 PM,92.94,FINALIZED
997,259,null,10,2/17/2026 3:24:49 PM,93.81,FINALIZED
998,259,null,10,2/17/2026 3:52:28 PM,91.81,FINALIZED
999,259,null,10,2/17/2026 4:03:39 PM,95.23,FINALIZED
1000,259,null,10,2/17/2026 4:28:16 PM,83.47,FINALIZED
1001,259,null,10,2/17/2026 4:52:39 PM,100.0,FINALIZED
1002,259,null,10,2/17/2026 4:59:47 PM,100.0,FINALIZED
1003,259,null,10,2/18/2026 9:14:57 AM,77.58,FINALIZED
1004,259,null,10,2/18/2026 9:58:34 AM,97.67,FINALIZED
1005,259,null,10,2/18/2026 10:44:53 AM,88.28,FINALIZED
1006,259,null,10,2/18/2026 11:08:41 AM,87.01,FINALIZED
1007,259,null,10,2/18/2026 11:27:50 AM,90.46,FINALIZED
1008,259,null,10,2/18/2026 12:05:09 PM,80.92,FINALIZED
1009,260,null,10,2/18/2026 12:23:33 PM,67.83,FINALIZED
1010,259,null,10,2/18/2026 12:54:14 PM,92.18,FINALIZED
1011,259,null,10,2/18/2026 1:22:53 PM,100.0,FINALIZED
1012,259,null,10,2/18/2026 2:02:01 PM,88.29,FINALIZED
1013,259,null,10,2/18/2026 3:24:51 PM,94.4,FINALIZED
1014,259,null,10,2/18/2026 3:39:36 PM,100.0,FINALIZED
1015,259,null,10,2/18/2026 3:56:48 PM,85.0,FINALIZED
1016,259,null,10,2/18/2026 4:12:13 PM,98.84,FINALIZED
1017,259,null,10,2/18/2026 4:44:12 PM,94.07,FINALIZED
1018,259,null,10,2/18/2026 4:58:22 PM,96.76,FINALIZED
1019,259,null,10,2/19/2026 8:55:51 AM,80.82,FINALIZED
1020,259,null,10,2/19/2026 9:28:21 AM,85.69,FINALIZED
1021,259,null,10,2/19/2026 9:56:29 AM,98.1,FINALIZED
1022,259,null,10,2/19/2026 10:45:23 AM,92.4,FINALIZED
1023,259,null,10,2/19/2026 11:25:46 AM,98.1,FINALIZED
1024,259,null,10,2/19/2026 12:22:54 PM,91.34,FINALIZED
1025,259,null,10,2/19/2026 12:44:17 PM,97.6,FINALIZED
1026,260,null,10,2/19/2026 1:07:21 PM,89.06,FINALIZED
1027,260,null,10,2/19/2026 1:29:21 PM,100.0,FINALIZED
1028,260,null,10,2/19/2026 1:49:14 PM,100.0,FINALIZED
1029,260,null,10,2/19/2026 2:04:02 PM,100.0,FINALIZED
1030,260,null,10,2/19/2026 3:31:03 PM,90.34,FINALIZED
1031,260,null,10,2/19/2026 3:57:24 PM,90.34,FINALIZED
1032,260,null,10,2/19/2026 4:22:35 PM,100.0,FINALIZED
1033,259,null,10,2/19/2026 4:44:44 PM,91.53,FINALIZED
1034,259,null,10,2/19/2026 4:59:45 PM,94.4,FINALIZED
1035,259,null,10,2/20/2026 8:50:00 AM,95.74,FINALIZED
1036,259,null,10,2/20/2026 9:40:37 AM,89.7,FINALIZED
1037,259,null,10,2/20/2026 10:07:05 AM,90.35,FINALIZED
1038,260,null,10,2/20/2026 10:21:25 AM,100.0,FINALIZED
1039,260,null,10,2/20/2026 10:44:25 AM,100.0,FINALIZED
1040,260,null,10,2/20/2026 11:15:14 AM,100.0,FINALIZED
1041,260,null,10,2/20/2026 11:36:47 AM,80.15,FINALIZED
1042,260,null,10,2/20/2026 11:50:44 AM,100.0,FINALIZED
1043,259,null,10,2/20/2026 12:17:08 PM,90.56,FINALIZED
1044,260,null,10,2/20/2026 12:33:48 PM,87.71,FINALIZED
1045,259,null,10,2/20/2026 1:02:32 PM,95.61,FINALIZED
1046,259,null,10,2/20/2026 2:47:17 PM,85.4,FINALIZED
1047,259,null,10,2/20/2026 3:07:39 PM,98.02,FINALIZED
1048,259,null,10,2/20/2026 3:26:22 PM,98.84,FINALIZED
1049,259,null,10,2/20/2026 3:43:25 PM,100.0,FINALIZED
1050,260,null,10,2/20/2026 3:59:26 PM,100.0,FINALIZED
1051,260,null,10,2/20/2026 4:25:10 PM,90.34,FINALIZED
1052,260,null,10,2/20/2026 4:43:21 PM,100.0,FINALIZED
1053,260,null,10,2/20/2026 4:54:10 PM,100.0,FINALIZED
1054,260,null,10,2/23/2026 8:47:19 AM,100.0,FINALIZED
1055,260,null,10,2/23/2026 8:57:38 AM,100.0,FINALIZED
1056,260,null,10,2/23/2026 9:36:15 AM,89.06,FINALIZED
1057,259,null,10,2/23/2026 9:59:13 AM,99.16,FINALIZED
1058,259,null,10,2/23/2026 10:34:31 AM,100.0,FINALIZED
1059,259,null,10,2/23/2026 11:15:13 AM,100.0,FINALIZED
1060,259,null,10,2/23/2026 11:46:49 AM,100.0,FINALIZED
1061,260,null,10,2/23/2026 12:28:18 PM,90.0,FINALIZED
1062,260,null,10,2/23/2026 1:18:03 PM,74.07,FINALIZED
1063,260,null,10,2/23/2026 1:50:15 PM,100.0,FINALIZED
1064,260,null,10,2/23/2026 2:02:00 PM,83.77,FINALIZED
1065,260,null,10,2/23/2026 3:34:02 PM,100.0,FINALIZED
1066,260,null,10,2/23/2026 3:52:09 PM,100.0,FINALIZED
1067,260,null,10,2/23/2026 4:09:07 PM,69.2,FINALIZED
1068,259,null,10,2/23/2026 4:37:50 PM,91.53,FINALIZED
1069,259,null,10,2/23/2026 4:53:13 PM,96.2,FINALIZED
1070,259,null,10,2/24/2026 10:36:19 AM,95.79,FINALIZED
1071,259,null,10,2/24/2026 11:15:14 AM,100.0,FINALIZED
1072,260,null,10,2/24/2026 11:52:51 AM,88.85,FINALIZED
1073,260,null,10,2/24/2026 12:12:28 PM,83.72,FINALIZED
1074,260,null,10,2/24/2026 1:05:59 PM,61.83,SUBMITTED
1075,260,null,10,2/24/2026 1:28:16 PM,82.48,FINALIZED
1076,260,null,10,2/24/2026 1:54:30 PM,83.68,FINALIZED
1077,260,null,10,2/24/2026 3:22:41 PM,100.0,FINALIZED
1078,260,null,10,2/24/2026 3:47:20 PM,90.0,FINALIZED
1079,259,null,10,2/24/2026 4:01:49 PM,98.91,FINALIZED
1080,259,null,10,2/24/2026 4:17:07 PM,86.27,FINALIZED
1081,259,null,10,2/24/2026 4:36:04 PM,96.2,FINALIZED
1082,259,null,10,2/24/2026 4:48:49 PM,100.0,FINALIZED
1083,259,null,10,2/24/2026 4:59:27 PM,100.0,FINALIZED
1084,260,null,10,2/25/2026 8:56:07 AM,81.02,FINALIZED
1085,260,null,10,2/25/2026 9:04:25 AM,100.0,FINALIZED
1086,260,null,10,2/25/2026 9:58:39 AM,100.0,FINALIZED
1087,260,null,10,2/25/2026 10:26:02 AM,91.44,FINALIZED
1088,260,null,10,2/25/2026 10:43:38 AM,100.0,FINALIZED
1089,260,null,10,2/25/2026 10:59:12 AM,80.15,FINALIZED
1090,260,null,10,2/25/2026 11:19:25 AM,93.28,FINALIZED
1091,259,null,10,2/25/2026 11:46:46 AM,94.8,FINALIZED
1092,259,null,10,2/25/2026 12:08:05 PM,88.5,FINALIZED
1093,259,null,10,2/25/2026 1:05:05 PM,96.27,FINALIZED
1094,259,null,10,2/25/2026 1:57:00 PM,90.22,FINALIZED
1095,259,null,10,2/25/2026 5:12:37 PM,96.12,FINALIZED
1096,260,null,10,2/26/2026 8:55:45 AM,100.0,FINALIZED
1097,260,null,10,2/26/2026 9:20:29 AM,100.0,FINALIZED
1098,260,null,10,2/26/2026 9:43:00 AM,89.06,FINALIZED
1099,260,null,10,2/26/2026 9:59:07 AM,83.77,FINALIZED
1100,260,null,10,2/26/2026 10:35:37 AM,100.0,FINALIZED
1101,260,null,10,2/26/2026 11:08:05 AM,48.88,FINALIZED
1102,259,null,10,2/26/2026 11:42:49 AM,100.0,FINALIZED
1103,259,null,10,2/26/2026 12:03:33 PM,100.0,FINALIZED
1104,259,null,10,2/26/2026 12:50:43 PM,97.85,FINALIZED
1105,259,null,10,2/26/2026 1:41:22 PM,85.33,FINALIZED
1106,259,null,10,2/26/2026 2:14:43 PM,100.0,FINALIZED
1107,260,null,10,2/26/2026 3:42:52 PM,52.94,FINALIZED
1108,260,null,10,2/26/2026 4:09:54 PM,91.95,FINALIZED
1109,260,null,10,2/26/2026 4:26:17 PM,100.0,FINALIZED
1110,260,null,10,2/26/2026 4:46:43 PM,80.15,FINALIZED
1111,260,null,10,2/26/2026 4:55:53 PM,100.0,FINALIZED
1112,260,null,10,2/27/2026 8:45:52 AM,91.98,FINALIZED
1113,259,null,10,2/27/2026 9:00:59 AM,98.1,FINALIZED
1114,259,null,10,2/27/2026 9:46:15 AM,85.19,FINALIZED
1115,259,null,10,2/27/2026 10:05:30 AM,96.81,FINALIZED
1116,259,null,10,2/27/2026 10:25:53 AM,100.0,FINALIZED
1117,259,null,10,2/27/2026 10:59:28 AM,92.94,FINALIZED
1118,260,null,10,2/27/2026 11:59:36 AM,70.99,FINALIZED
1119,260,null,10,2/27/2026 12:10:15 PM,100.0,FINALIZED
1120,260,null,10,2/27/2026 12:25:23 PM,100.0,FINALIZED
1121,260,null,10,2/27/2026 12:56:25 PM,74.9,FINALIZED
1122,260,null,10,2/27/2026 1:39:57 PM,100.0,FINALIZED
1123,260,null,10,2/27/2026 1:59:06 PM,100.0,FINALIZED
1124,259,null,10,2/27/2026 4:47:01 PM,100.0,FINALIZED
1125,259,null,10,2/27/2026 5:05:28 PM,86.33,FINALIZED
1126,259,null,10,3/2/2026 8:52:21 AM,79.9,FINALIZED
1127,259,null,10,3/2/2026 9:11:00 AM,98.1,FINALIZED
1128,259,null,10,3/2/2026 9:46:05 AM,97.8,FINALIZED
1129,260,null,10,3/2/2026 10:02:05 AM,80.15,FINALIZED
1130,260,null,10,3/2/2026 10:27:10 AM,100.0,FINALIZED
1131,260,null,10,3/2/2026 11:08:12 AM,93.33,FINALIZED
1132,260,null,10,3/2/2026 12:05:20 PM,87.71,FINALIZED
1133,260,null,10,3/2/2026 12:39:54 PM,100.0,FINALIZED
1134,260,null,10,3/2/2026 1:05:07 PM,74.3,FINALIZED
1135,260,null,10,3/2/2026 1:19:49 PM,93.28,FINALIZED
1136,259,null,10,3/2/2026 1:47:29 PM,100.0,FINALIZED
1137,259,null,10,3/2/2026 2:03:17 PM,74.29,FINALIZED
1138,259,null,10,3/2/2026 3:41:57 PM,98.13,FINALIZED
1139,259,null,10,3/2/2026 4:06:35 PM,94.88,FINALIZED
1140,259,null,10,3/2/2026 4:28:08 PM,100.0,FINALIZED
1141,260,null,10,3/2/2026 4:39:40 PM,100.0,FINALIZED
1142,260,null,10,3/2/2026 4:53:20 PM,100.0,FINALIZED
1143,260,null,10,3/3/2026 12:08:47 PM,100.0,FINALIZED
1144,260,null,10,3/3/2026 12:25:53 PM,100.0,FINALIZED
1145,260,null,10,3/3/2026 12:53:20 PM,100.0,FINALIZED
1146,260,null,10,3/3/2026 1:23:56 PM,90.34,FINALIZED
1147,260,null,10,3/3/2026 1:49:47 PM,90.0,FINALIZED
1148,259,null,10,3/3/2026 3:29:40 PM,96.55,FINALIZED
1149,259,null,10,3/3/2026 3:59:27 PM,98.99,FINALIZED
1150,259,null,10,3/3/2026 4:19:45 PM,97.75,FINALIZED
1151,259,null,10,3/3/2026 4:39:56 PM,100.0,FINALIZED
1152,259,null,10,3/3/2026 5:00:44 PM,98.1,FINALIZED
1153,259,null,10,3/4/2026 8:48:52 AM,93.7,FINALIZED
1154,259,null,10,3/4/2026 8:59:14 AM,93.09,FINALIZED
1155,259,null,10,3/4/2026 9:25:06 AM,92.91,FINALIZED
1156,259,null,10,3/4/2026 9:53:17 AM,79.27,FINALIZED
1157,259,null,10,3/4/2026 10:25:40 AM,86.69,FINALIZED
1158,259,null,10,3/4/2026 10:54:59 AM,95.41,FINALIZED
1159,259,null,10,3/4/2026 11:28:34 AM,98.65,FINALIZED
1160,259,null,10,3/4/2026 11:59:17 AM,100.0,FINALIZED
1161,259,null,10,3/4/2026 12:25:26 PM,100.0,FINALIZED
1162,259,null,10,3/4/2026 12:50:43 PM,99.01,FINALIZED
1163,259,null,10,3/4/2026 1:27:19 PM,90.35,FINALIZED
1164,260,null,10,3/4/2026 1:43:03 PM,83.72,FINALIZED
1165,260,null,10,3/4/2026 2:10:26 PM,86.74,FINALIZED
1166,260,null,10,3/5/2026 8:53:15 AM,100.0,FINALIZED
1167,260,null,10,3/5/2026 9:06:28 AM,92.75,FINALIZED
1168,260,null,10,3/5/2026 9:24:09 AM,100.0,FINALIZED
1169,260,null,10,3/5/2026 9:45:30 AM,100.0,FINALIZED
1170,259,null,10,3/5/2026 10:10:54 AM,95.78,FINALIZED
1171,259,null,10,3/5/2026 10:54:14 AM,96.12,FINALIZED
1172,259,null,10,3/5/2026 11:23:45 AM,98.23,FINALIZED
1173,259,null,10,3/5/2026 12:03:29 PM,98.06,FINALIZED
1174,259,null,10,3/5/2026 12:34:52 PM,100.0,FINALIZED
1175,260,null,10,3/5/2026 12:54:24 PM,90.34,FINALIZED
1176,260,null,10,3/5/2026 1:22:52 PM,96.0,FINALIZED
1177,260,null,10,3/5/2026 1:37:45 PM,100.0,FINALIZED
1178,260,null,10,3/5/2026 1:50:44 PM,100.0,FINALIZED
1179,259,null,10,3/5/2026 3:24:40 PM,100.0,FINALIZED
1180,259,null,10,3/5/2026 3:48:40 PM,100.0,FINALIZED
1181,259,null,10,3/5/2026 4:18:26 PM,91.77,FINALIZED
1182,259,null,10,3/5/2026 4:38:16 PM,100.0,FINALIZED
1183,259,null,10,3/5/2026 4:59:20 PM,100.0,FINALIZED
1184,260,null,10,3/6/2026 8:56:57 AM,87.13,FINALIZED
1185,260,null,10,3/6/2026 9:20:23 AM,87.13,FINALIZED
1186,260,null,10,3/6/2026 9:36:17 AM,100.0,FINALIZED
1187,260,null,10,3/6/2026 9:58:42 AM,100.0,FINALIZED
1188,260,null,10,3/6/2026 10:43:35 AM,91.98,FINALIZED
1189,260,null,10,3/6/2026 10:59:28 AM,97.39,FINALIZED
1190,259,null,10,3/6/2026 11:23:50 AM,100.0,FINALIZED
1191,259,null,10,3/6/2026 11:54:02 AM,100.0,FINALIZED
1192,259,null,10,3/6/2026 12:48:39 PM,96.27,FINALIZED
1193,259,null,10,3/6/2026 1:31:53 PM,97.01,FINALIZED
1194,260,null,10,3/6/2026 1:54:57 PM,100.0,FINALIZED
1195,260,null,10,3/6/2026 3:22:24 PM,100.0,FINALIZED
1196,260,null,10,3/6/2026 3:37:59 PM,100.0,FINALIZED
1197,260,null,10,3/6/2026 3:51:35 PM,100.0,FINALIZED
1198,260,null,10,3/6/2026 4:07:05 PM,100.0,FINALIZED
1199,260,null,10,3/6/2026 4:23:31 PM,100.0,FINALIZED
1200,259,null,10,3/6/2026 4:55:58 PM,83.53,FINALIZED
1201,259,null,10,3/9/2026 8:55:29 AM,100.0,FINALIZED
1202,259,null,10,3/9/2026 9:34:00 AM,94.29,FINALIZED
1203,259,null,10,3/9/2026 10:03:28 AM,98.13,FINALIZED
1204,259,null,10,3/9/2026 11:13:42 AM,94.67,FINALIZED
1205,260,null,10,3/9/2026 11:35:23 AM,90.34,FINALIZED
1206,260,null,10,3/9/2026 12:18:01 PM,74.59,FINALIZED
1207,260,null,10,3/9/2026 12:57:33 PM,100.0,FINALIZED
1208,260,null,10,3/9/2026 1:56:03 PM,90.34,FINALIZED
1209,260,null,10,3/9/2026 2:10:04 PM,96.0,FINALIZED
1210,259,null,10,3/9/2026 3:55:47 PM,98.1,FINALIZED
1211,259,null,10,3/9/2026 4:38:51 PM,98.15,FINALIZED
1212,259,null,10,3/9/2026 5:00:28 PM,96.06,FINALIZED
1213,259,null,10,3/10/2026 10:01:39 AM,97.41,FINALIZED
1214,259,null,10,3/10/2026 10:21:50 AM,90.76,FINALIZED
1215,259,null,10,3/10/2026 10:56:09 AM,98.78,FINALIZED
1216,259,null,10,3/10/2026 11:17:21 AM,92.58,FINALIZED
1217,259,null,10,3/10/2026 11:39:33 AM,90.91,FINALIZED
1218,259,null,10,3/10/2026 12:06:35 PM,97.61,FINALIZED
1219,259,null,10,3/10/2026 12:34:46 PM,90.46,FINALIZED
1220,259,null,10,3/10/2026 12:57:10 PM,13.1,FINALIZED
1221,259,null,10,3/10/2026 1:17:26 PM,100.0,FINALIZED
1222,259,null,10,3/10/2026 1:36:39 PM,100.0,FINALIZED
1223,259,null,10,3/10/2026 1:55:58 PM,95.28,FINALIZED
1224,259,null,10,3/10/2026 3:38:50 PM,100.0,FINALIZED
1225,259,null,10,3/10/2026 3:52:31 PM,98.1,FINALIZED
1226,260,null,10,3/10/2026 4:08:29 PM,100.0,FINALIZED
1227,260,null,10,3/10/2026 4:23:03 PM,100.0,FINALIZED
1228,260,null,10,3/10/2026 4:33:37 PM,96.0,FINALIZED
1229,260,null,10,3/10/2026 4:46:19 PM,100.0,FINALIZED
1230,260,null,10,3/10/2026 4:57:28 PM,97.39,FINALIZED
1231,260,null,10,3/11/2026 8:34:33 AM,100.0,FINALIZED
1232,259,null,10,3/11/2026 8:59:59 AM,100.0,FINALIZED
1233,259,null,10,3/11/2026 9:37:17 AM,68.44,FINALIZED
1234,259,null,10,3/11/2026 9:53:15 AM,97.6,FINALIZED
1235,259,null,10,3/11/2026 10:28:06 AM,91.38,FINALIZED
1236,259,null,10,3/11/2026 10:50:17 AM,84.21,FINALIZED
1237,260,null,10,3/11/2026 11:13:30 AM,100.0,FINALIZED
1238,260,null,10,3/11/2026 11:28:10 AM,100.0,FINALIZED
1239,260,null,10,3/11/2026 11:42:04 AM,100.0,FINALIZED
1240,260,null,10,3/11/2026 12:01:54 PM,90.0,FINALIZED
1241,260,null,10,3/11/2026 12:35:51 PM,88.74,FINALIZED
1242,260,null,10,3/11/2026 12:59:56 PM,97.39,FINALIZED
1243,259,null,10,3/11/2026 1:38:19 PM,85.46,FINALIZED
1244,259,null,10,3/11/2026 1:59:27 PM,100.0,FINALIZED
1245,259,null,10,3/11/2026 3:21:10 PM,100.0,FINALIZED
1246,259,null,10,3/11/2026 3:46:58 PM,97.9,FINALIZED
1247,260,null,10,3/11/2026 3:57:42 PM,100.0,FINALIZED
1248,260,null,10,3/11/2026 4:16:05 PM,89.64,FINALIZED
1249,260,null,10,3/11/2026 4:34:55 PM,100.0,FINALIZED
1250,260,null,10,3/11/2026 4:46:55 PM,100.0,FINALIZED
1251,260,null,10,3/12/2026 8:46:18 AM,100.0,FINALIZED
1252,260,null,10,3/12/2026 9:13:23 AM,86.15,FINALIZED
1253,259,null,10,3/12/2026 9:45:36 AM,93.07,FINALIZED
1254,260,null,10,3/12/2026 11:06:05 AM,60.85,DISPUTED
1255,260,null,10,3/12/2026 11:19:58 AM,85.26,FINALIZED
1256,259,null,10,3/12/2026 12:20:53 PM,88.5,FINALIZED
1257,259,null,10,3/12/2026 12:57:51 PM,88.52,FINALIZED
1258,259,null,10,3/12/2026 1:46:03 PM,75.73,FINALIZED
1259,259,null,10,3/12/2026 3:34:51 PM,98.35,FINALIZED
1260,259,null,10,3/12/2026 3:56:22 PM,96.2,FINALIZED
1261,259,null,10,3/12/2026 4:17:23 PM,94.8,FINALIZED
1262,259,null,10,3/12/2026 4:36:46 PM,94.05,FINALIZED
1263,259,null,10,3/12/2026 4:55:00 PM,96.99,FINALIZED
1264,259,null,10,3/12/2026 5:04:53 PM,96.76,FINALIZED
1265,259,null,10,3/13/2026 8:49:46 AM,81.51,FINALIZED
1266,260,null,10,3/13/2026 8:59:50 AM,100.0,FINALIZED
1267,260,null,10,3/13/2026 9:22:19 AM,100.0,FINALIZED
1268,259,null,10,3/13/2026 10:39:24 AM,97.27,FINALIZED
1269,259,null,10,3/13/2026 10:59:55 AM,95.45,FINALIZED
1270,259,null,10,3/13/2026 11:37:33 AM,98.91,FINALIZED
1271,259,null,10,3/13/2026 12:19:41 PM,97.9,FINALIZED
1272,259,null,10,3/13/2026 1:02:03 PM,100.0,FINALIZED
1273,259,null,10,3/13/2026 1:25:36 PM,100.0,FINALIZED
1274,259,null,10,3/13/2026 1:49:12 PM,100.0,FINALIZED
1275,259,null,10,3/13/2026 2:11:10 PM,96.06,FINALIZED
1276,260,null,10,3/13/2026 3:30:50 PM,100.0,FINALIZED
1277,260,null,10,3/13/2026 3:44:51 PM,100.0,FINALIZED
1278,260,null,10,3/13/2026 4:05:28 PM,74.59,FINALIZED
1279,260,null,10,3/13/2026 4:27:11 PM,100.0,FINALIZED
1280,260,null,10,3/13/2026 4:43:03 PM,100.0,FINALIZED
1281,260,null,10,3/13/2026 5:03:38 PM,100.0,FINALIZED
1282,260,null,10,3/16/2026 8:58:25 AM,96.71,FINALIZED
1283,259,null,10,3/16/2026 10:08:13 AM,92.95,FINALIZED
1284,259,null,10,3/16/2026 10:37:47 AM,98.91,FINALIZED
1285,259,null,10,3/16/2026 11:02:11 AM,96.12,FINALIZED
1286,259,null,10,3/16/2026 11:44:11 AM,98.1,FINALIZED
1287,259,null,10,3/16/2026 12:17:04 PM,100.0,FINALIZED
1288,259,null,10,3/16/2026 12:41:30 PM,93.69,FINALIZED
1289,259,null,10,3/16/2026 1:28:09 PM,89.92,FINALIZED
1290,259,null,10,3/16/2026 2:13:41 PM,96.2,FINALIZED
1293,259,null,10,3/16/2026 4:11:13 PM,98.1,FINALIZED
1294,259,null,10,3/16/2026 4:35:01 PM,68.63,FINALIZED
1295,260,null,10,3/16/2026 4:51:25 PM,80.15,FINALIZED
1296,260,null,10,3/16/2026 5:01:10 PM,70.13,FINALIZED
1297,260,null,10,3/17/2026 10:30:07 AM,97.23,FINALIZED
1298,260,null,10,3/17/2026 10:54:40 AM,100.0,FINALIZED
1299,260,null,10,3/17/2026 12:02:13 PM,90.34,FINALIZED
1300,259,null,10,3/17/2026 1:11:59 PM,90.74,FINALIZED
1301,259,null,10,3/17/2026 1:53:35 PM,92.59,FINALIZED
1302,259,null,10,3/17/2026 3:29:15 PM,96.27,FINALIZED
1303,259,null,10,3/17/2026 3:50:21 PM,100.0,FINALIZED
1304,259,null,10,3/17/2026 4:19:10 PM,60.61,FINALIZED
1305,259,null,10,3/17/2026 4:40:06 PM,100.0,FINALIZED
1306,259,null,10,3/17/2026 5:02:02 PM,92.24,FINALIZED
1307,259,null,10,3/18/2026 8:57:57 AM,90.54,FINALIZED
1308,259,null,10,3/18/2026 9:24:02 AM,95.34,FINALIZED
1309,259,null,10,3/18/2026 9:38:26 AM,98.47,FINALIZED
1310,259,null,10,3/18/2026 10:21:35 AM,89.86,FINALIZED
1311,259,null,10,3/18/2026 10:43:45 AM,88.4,FINALIZED
1312,259,null,10,3/18/2026 11:03:46 AM,98.84,FINALIZED
1313,259,null,10,3/18/2026 11:41:14 AM,100.0,FINALIZED
1314,259,null,10,3/18/2026 12:04:26 PM,92.26,DISPUTED
1315,259,null,10,3/18/2026 12:33:22 PM,98.27,FINALIZED
1316,259,null,10,3/18/2026 12:52:31 PM,97.7,FINALIZED
1317,259,null,10,3/18/2026 1:17:01 PM,100.0,FINALIZED
1318,259,null,10,3/18/2026 1:50:47 PM,96.12,FINALIZED
1319,259,null,10,3/18/2026 3:36:19 PM,100.0,FINALIZED
1320,259,null,10,3/18/2026 3:56:34 PM,98.06,FINALIZED
1321,259,null,10,3/18/2026 4:11:47 PM,93.51,FINALIZED
1322,259,null,10,3/18/2026 4:34:38 PM,90.3,FINALIZED
1323,259,null,10,3/18/2026 4:51:07 PM,93.1,FINALIZED
1324,259,null,10,3/18/2026 5:00:59 PM,100.0,FINALIZED
1325,259,null,10,3/19/2026 8:59:04 AM,100.0,FINALIZED
1326,259,null,10,3/19/2026 9:34:48 AM,88.87,FINALIZED
1327,259,null,10,3/19/2026 9:59:14 AM,100.0,FINALIZED
1328,259,null,10,3/19/2026 10:44:59 AM,100.0,FINALIZED
1329,260,null,10,3/19/2026 11:17:29 AM,77.03,FINALIZED
1330,260,null,10,3/19/2026 11:39:33 AM,100.0,FINALIZED
1331,260,null,10,3/19/2026 11:55:13 AM,100.0,FINALIZED
1332,260,null,10,3/19/2026 12:21:09 PM,90.34,FINALIZED
1333,260,null,10,3/19/2026 1:04:07 PM,74.9,DISPUTED
1334,260,null,10,3/19/2026 1:29:35 PM,100.0,FINALIZED
1335,260,null,10,3/19/2026 1:47:49 PM,87.13,FINALIZED
1336,259,null,10,3/19/2026 3:52:29 PM,92.26,DISPUTED
1337,259,null,10,3/19/2026 4:22:04 PM,96.27,FINALIZED
1338,259,null,10,3/19/2026 5:00:14 PM,94.44,FINALIZED
1339,259,null,10,3/20/2026 8:55:30 AM,91.4,FINALIZED
1340,259,null,10,3/20/2026 9:13:33 AM,97.98,FINALIZED
1341,260,null,10,3/20/2026 9:55:00 AM,83.72,DISPUTED
1342,260,null,10,3/20/2026 10:21:48 AM,89.06,FINALIZED
1343,260,null,10,3/20/2026 10:41:54 AM,90.34,FINALIZED
1344,260,null,10,3/20/2026 11:27:25 AM,91.95,FINALIZED
1345,260,null,10,3/20/2026 11:55:44 AM,100.0,FINALIZED
1346,260,null,10,3/20/2026 12:41:17 PM,100.0,FINALIZED
1347,260,null,10,3/20/2026 12:56:25 PM,100.0,FINALIZED
1348,259,null,10,3/20/2026 1:24:50 PM,100.0,FINALIZED
1349,259,null,10,3/20/2026 2:01:12 PM,96.53,FINALIZED
1350,259,null,10,3/20/2026 3:53:36 PM,94.17,FINALIZED
1351,259,null,10,3/20/2026 4:11:42 PM,100.0,FINALIZED
1352,259,null,10,3/20/2026 4:31:22 PM,100.0,FINALIZED
1353,259,null,10,3/20/2026 4:56:53 PM,94.6,DISPUTED
1354,259,null,10,3/23/2026 8:53:14 AM,100.0,FINALIZED
1355,259,null,10,3/23/2026 9:02:19 AM,100.0,SUBMITTED
1356,259,null,10,3/23/2026 10:59:34 AM,87.47,SUBMITTED
1357,260,null,10,3/23/2026 11:08:18 AM,91.4,FINALIZED
1358,260,null,10,3/23/2026 11:26:11 AM,100.0,SUBMITTED
1359,260,null,10,3/23/2026 11:53:34 AM,100.0,SUBMITTED
1360,260,null,10,3/23/2026 12:20:17 PM,89.06,SUBMITTED
1361,260,null,10,3/23/2026 1:04:28 PM,97.58,SUBMITTED
