id,submission_id,call_id,sort_order,created_at
1,1,1,0,11/5/2025 1:38:20 PM
2,2,2,0,11/5/2025 1:55:56 PM
3,3,3,0,11/5/2025 2:56:55 PM
4,10,4,0,11/5/2025 4:35:22 PM
5,11,5,0,11/5/2025 4:50:35 PM
6,12,6,0,11/5/2025 5:05:46 PM
7,13,7,0,11/5/2025 5:33:53 PM
8,14,8,0,11/5/2025 5:52:55 PM
9,15,9,0,11/5/2025 6:08:11 PM
10,16,10,0,11/5/2025 6:39:12 PM
11,17,11,0,11/5/2025 6:53:41 PM
12,18,12,0,11/5/2025 8:23:05 PM
13,25,13,0,11/6/2025 1:48:25 PM
14,30,14,0,11/6/2025 2:52:14 PM
15,31,15,0,11/6/2025 3:17:50 PM
16,32,16,0,11/6/2025 4:55:48 PM
17,32,17,1,11/6/2025 4:55:48 PM
18,35,18,0,11/6/2025 6:28:23 PM
19,36,19,0,11/6/2025 6:37:25 PM
20,37,20,0,11/6/2025 6:57:54 PM
21,38,21,0,11/6/2025 8:17:54 PM
22,39,22,0,11/6/2025 8:46:55 PM
23,39,23,1,11/6/2025 8:46:55 PM
24,40,24,0,11/6/2025 9:07:57 PM
25,41,25,0,11/6/2025 9:28:02 PM
26,41,26,1,11/6/2025 9:28:02 PM
27,42,27,0,11/6/2025 9:46:04 PM
28,43,28,0,11/6/2025 10:04:04 PM
29,44,29,0,11/7/2025 1:38:54 PM
30,44,30,1,11/7/2025 1:38:54 PM
31,45,31,0,11/7/2025 1:50:31 PM
32,46,32,0,11/7/2025 2:15:42 PM
33,47,33,0,11/7/2025 2:48:55 PM
34,48,34,0,11/7/2025 2:59:09 PM
35,49,35,0,11/7/2025 3:28:32 PM
36,50,36,0,11/7/2025 3:49:44 PM
37,51,37,0,11/7/2025 4:09:43 PM
38,52,38,0,11/7/2025 4:30:18 PM
39,53,39,0,11/7/2025 5:11:44 PM
40,54,40,0,11/7/2025 5:57:09 PM
41,55,41,0,11/7/2025 6:20:05 PM
42,56,42,0,11/7/2025 6:42:51 PM
43,57,43,0,11/7/2025 6:55:43 PM
44,58,44,0,11/7/2025 8:29:13 PM
45,59,45,0,11/7/2025 8:45:26 PM
46,60,46,0,11/7/2025 8:56:53 PM
47,61,47,0,11/7/2025 9:23:37 PM
48,61,48,1,11/7/2025 9:23:37 PM
49,62,49,0,11/7/2025 10:02:41 PM
50,63,50,0,11/10/2025 1:36:18 PM
51,65,51,0,11/10/2025 1:59:39 PM
52,66,52,0,11/10/2025 2:30:54 PM
53,67,53,0,11/10/2025 2:45:53 PM
54,68,54,0,11/10/2025 3:00:24 PM
55,69,55,0,11/10/2025 3:28:04 PM
56,70,56,0,11/10/2025 3:54:36 PM
57,71,57,0,11/10/2025 4:25:39 PM
58,72,58,0,11/10/2025 4:49:36 PM
59,72,59,1,11/10/2025 4:49:36 PM
60,73,60,0,11/10/2025 4:59:11 PM
61,74,61,0,11/10/2025 5:20:30 PM
62,75,62,0,11/10/2025 5:48:23 PM
63,76,63,0,11/10/2025 6:11:10 PM
64,77,64,0,11/10/2025 6:42:03 PM
65,78,65,0,11/10/2025 7:15:09 PM
66,79,66,0,11/10/2025 8:45:13 PM
67,80,67,0,11/10/2025 8:59:21 PM
68,81,68,0,11/10/2025 9:15:14 PM
69,82,69,0,11/10/2025 9:45:20 PM
70,83,70,0,11/11/2025 4:01:07 PM
71,84,71,0,11/11/2025 4:18:44 PM
72,85,72,0,11/11/2025 4:47:01 PM
73,86,73,0,11/11/2025 5:32:09 PM
74,87,74,0,11/11/2025 5:54:21 PM
75,88,75,0,11/11/2025 6:24:13 PM
76,89,76,0,11/11/2025 6:59:30 PM
77,90,77,0,11/11/2025 8:27:10 PM
78,91,78,0,11/11/2025 8:45:03 PM
79,92,79,0,11/11/2025 8:59:04 PM
80,97,80,0,11/12/2025 1:36:30 PM
81,98,81,0,11/12/2025 1:46:46 PM
82,104,82,0,11/12/2025 4:26:19 PM
83,106,83,0,11/12/2025 4:54:36 PM
84,108,84,0,11/12/2025 5:30:57 PM
85,113,85,0,11/12/2025 8:36:37 PM
86,113,86,1,11/12/2025 8:36:37 PM
87,114,87,0,11/12/2025 8:55:09 PM
88,115,88,0,11/12/2025 9:13:30 PM
89,116,89,0,11/12/2025 9:49:37 PM
90,117,90,0,11/12/2025 9:57:56 PM
91,118,91,0,11/13/2025 1:38:00 PM
92,119,92,0,11/13/2025 1:58:04 PM
93,120,93,0,11/13/2025 2:17:17 PM
94,121,94,0,11/13/2025 2:46:47 PM
95,121,95,1,11/13/2025 2:46:47 PM
96,122,96,0,11/13/2025 3:14:30 PM
97,123,97,0,11/13/2025 3:50:35 PM
98,124,98,0,11/13/2025 4:08:32 PM
99,125,99,0,11/13/2025 4:53:50 PM
100,126,100,0,11/13/2025 5:09:04 PM
101,127,101,0,11/13/2025 5:26:02 PM
102,128,102,0,11/13/2025 5:41:49 PM
103,129,103,0,11/13/2025 5:59:12 PM
104,130,104,0,11/13/2025 6:38:39 PM
105,131,105,0,11/13/2025 6:58:27 PM
106,132,106,0,11/13/2025 8:33:11 PM
107,133,107,0,11/13/2025 8:57:39 PM
108,134,108,0,11/13/2025 9:21:11 PM
109,135,109,0,11/13/2025 9:40:21 PM
110,136,110,0,11/13/2025 9:59:54 PM
111,137,111,0,11/14/2025 1:38:50 PM
112,138,112,0,11/14/2025 1:55:46 PM
113,138,113,1,11/14/2025 1:55:46 PM
114,139,114,0,11/14/2025 2:17:25 PM
115,140,115,0,11/14/2025 2:35:04 PM
116,140,116,1,11/14/2025 2:35:04 PM
117,141,117,0,11/14/2025 2:58:49 PM
118,141,118,1,11/14/2025 2:58:49 PM
119,142,119,0,11/14/2025 3:23:43 PM
120,142,120,1,11/14/2025 3:23:43 PM
121,142,121,2,11/14/2025 3:23:43 PM
122,143,122,0,11/14/2025 3:58:55 PM
123,144,123,0,11/14/2025 4:22:03 PM
124,145,124,0,11/14/2025 4:45:17 PM
125,146,125,0,11/14/2025 4:59:49 PM
126,147,126,0,11/14/2025 5:18:01 PM
127,148,127,0,11/14/2025 5:41:43 PM
128,149,128,0,11/14/2025 6:07:31 PM
129,149,129,1,11/14/2025 6:07:31 PM
130,150,130,0,11/14/2025 6:18:58 PM
131,151,131,0,11/14/2025 6:59:12 PM
132,151,132,1,11/14/2025 6:59:12 PM
133,152,133,0,11/14/2025 8:25:39 PM
134,153,134,0,11/14/2025 8:40:13 PM
135,154,135,0,11/14/2025 9:04:41 PM
136,155,136,0,11/14/2025 9:27:42 PM
137,156,137,0,11/14/2025 9:46:38 PM
138,157,138,0,11/17/2025 1:54:07 PM
139,157,139,1,11/17/2025 1:54:07 PM
140,158,140,0,11/17/2025 2:06:13 PM
141,158,141,1,11/17/2025 2:06:13 PM
142,159,142,0,11/17/2025 2:31:06 PM
143,159,143,1,11/17/2025 2:31:06 PM
144,160,144,0,11/17/2025 2:57:32 PM
145,160,145,1,11/17/2025 2:57:32 PM
146,161,146,0,11/17/2025 3:24:07 PM
147,161,147,1,11/17/2025 3:24:07 PM
148,162,148,0,11/17/2025 3:46:49 PM
149,163,149,0,11/17/2025 4:28:21 PM
150,163,150,1,11/17/2025 4:28:21 PM
151,165,151,0,11/17/2025 5:44:33 PM
152,166,152,0,11/17/2025 6:14:50 PM
153,167,153,0,11/17/2025 6:28:49 PM
154,168,154,0,11/17/2025 6:48:20 PM
155,169,155,0,11/17/2025 6:59:11 PM
156,170,156,0,11/17/2025 8:48:47 PM
157,171,157,0,11/17/2025 9:10:31 PM
158,172,158,0,11/17/2025 9:29:42 PM
159,173,159,0,11/17/2025 9:47:39 PM
160,174,160,0,11/17/2025 9:58:27 PM
161,175,161,0,11/18/2025 3:45:43 PM
162,176,162,0,11/18/2025 3:59:38 PM
163,177,163,0,11/18/2025 4:30:44 PM
164,178,164,0,11/18/2025 4:58:54 PM
165,179,165,0,11/18/2025 5:34:43 PM
166,179,166,1,11/18/2025 5:34:43 PM
167,180,167,0,11/18/2025 5:59:11 PM
168,181,168,0,11/18/2025 6:40:57 PM
169,182,169,0,11/18/2025 7:10:09 PM
170,183,170,0,11/18/2025 8:44:06 PM
171,184,171,0,11/18/2025 8:58:26 PM
172,185,172,0,11/18/2025 9:13:21 PM
173,186,173,0,11/18/2025 9:28:44 PM
174,187,174,0,11/18/2025 9:47:37 PM
175,188,175,0,11/18/2025 10:00:42 PM
176,189,176,0,11/19/2025 1:47:31 PM
177,190,177,0,11/19/2025 1:59:22 PM
178,191,178,0,11/19/2025 2:25:49 PM
179,192,179,0,11/19/2025 3:01:49 PM
180,193,180,0,11/19/2025 3:38:21 PM
181,194,181,0,11/19/2025 4:10:03 PM
182,195,182,0,11/19/2025 4:31:06 PM
183,196,183,0,11/19/2025 4:59:47 PM
184,197,184,0,11/19/2025 5:42:58 PM
185,198,185,0,11/19/2025 6:03:56 PM
186,199,186,0,11/19/2025 6:24:18 PM
187,200,187,0,11/19/2025 6:40:52 PM
188,201,188,0,11/19/2025 7:00:48 PM
189,202,189,0,11/19/2025 8:17:41 PM
190,203,190,0,11/19/2025 8:40:27 PM
191,204,191,0,11/19/2025 8:59:44 PM
192,205,192,0,11/19/2025 9:33:02 PM
193,207,193,0,11/20/2025 1:48:51 PM
194,207,194,1,11/20/2025 1:48:51 PM
195,208,195,0,11/20/2025 1:59:42 PM
196,208,196,1,11/20/2025 1:59:42 PM
197,209,197,0,11/20/2025 2:40:16 PM
198,209,198,1,11/20/2025 2:40:16 PM
199,210,199,0,11/20/2025 3:10:30 PM
200,210,200,1,11/20/2025 3:10:30 PM
201,211,201,0,11/20/2025 3:58:58 PM
202,212,202,0,11/20/2025 4:44:13 PM
203,213,203,0,11/20/2025 4:58:15 PM
204,214,204,0,11/20/2025 5:22:23 PM
205,215,205,0,11/20/2025 5:46:12 PM
206,216,206,0,11/20/2025 6:17:04 PM
207,217,207,0,11/20/2025 7:00:28 PM
208,217,208,1,11/20/2025 7:00:28 PM
209,217,209,2,11/20/2025 7:00:28 PM
210,218,210,0,11/20/2025 8:30:39 PM
211,218,211,1,11/20/2025 8:30:39 PM
212,219,212,0,11/20/2025 8:45:46 PM
213,220,213,0,11/20/2025 8:59:25 PM
214,221,214,0,11/20/2025 9:34:42 PM
215,222,215,0,11/20/2025 9:59:26 PM
216,222,216,1,11/20/2025 9:59:26 PM
217,223,217,0,11/21/2025 1:42:29 PM
218,224,218,0,11/21/2025 1:58:09 PM
219,224,219,1,11/21/2025 1:58:09 PM
220,225,220,0,11/21/2025 2:17:03 PM
221,226,221,0,11/21/2025 2:46:25 PM
222,227,222,0,11/21/2025 3:02:28 PM
223,228,223,0,11/21/2025 3:35:17 PM
224,228,224,1,11/21/2025 3:35:17 PM
225,229,225,0,11/21/2025 4:16:05 PM
226,230,226,0,11/21/2025 4:45:03 PM
227,231,227,0,11/21/2025 5:11:23 PM
228,231,228,1,11/21/2025 5:11:23 PM
229,232,229,0,11/21/2025 5:46:52 PM
230,233,230,0,11/21/2025 6:06:53 PM
231,234,231,0,11/21/2025 6:57:10 PM
232,235,232,0,11/21/2025 8:25:32 PM
233,235,233,1,11/21/2025 8:25:32 PM
234,236,234,0,11/21/2025 8:38:54 PM
235,236,235,1,11/21/2025 8:38:54 PM
236,237,236,0,11/21/2025 8:53:37 PM
237,237,237,1,11/21/2025 8:53:37 PM
238,238,238,0,11/21/2025 9:16:31 PM
239,239,239,0,11/21/2025 9:36:05 PM
240,240,240,0,11/21/2025 9:51:14 PM
241,241,241,0,11/24/2025 1:47:53 PM
242,242,242,0,11/24/2025 1:59:05 PM
243,243,243,0,11/24/2025 2:33:06 PM
244,244,244,0,11/24/2025 2:47:57 PM
245,245,245,0,11/24/2025 3:00:05 PM
246,246,246,0,11/24/2025 3:18:07 PM
247,247,247,0,11/24/2025 3:52:29 PM
248,247,248,1,11/24/2025 3:52:29 PM
249,248,249,0,11/24/2025 4:33:57 PM
250,249,250,0,11/24/2025 5:23:57 PM
251,249,251,1,11/24/2025 5:23:57 PM
252,250,252,0,11/24/2025 5:58:51 PM
253,251,253,0,11/24/2025 6:48:33 PM
254,252,254,0,11/24/2025 7:13:46 PM
255,253,255,0,11/24/2025 8:52:19 PM
256,253,256,1,11/24/2025 8:52:19 PM
257,253,257,2,11/24/2025 8:52:19 PM
258,254,258,0,11/24/2025 9:05:30 PM
259,254,259,1,11/24/2025 9:05:30 PM
260,255,260,0,11/24/2025 9:38:57 PM
261,256,261,0,11/24/2025 9:52:16 PM
262,257,262,0,11/25/2025 3:31:20 PM
263,258,263,0,11/25/2025 3:59:15 PM
264,259,264,0,11/25/2025 4:39:48 PM
265,259,265,1,11/25/2025 4:39:48 PM
266,260,266,0,11/25/2025 5:02:12 PM
267,261,267,0,11/25/2025 5:37:45 PM
268,262,268,0,11/25/2025 6:00:45 PM
269,263,269,0,11/25/2025 6:31:55 PM
270,265,270,0,11/25/2025 8:59:19 PM
271,266,271,0,11/25/2025 9:17:09 PM
272,267,272,0,11/25/2025 9:34:22 PM
273,268,273,0,11/25/2025 9:56:22 PM
274,269,274,0,11/25/2025 10:05:36 PM
275,270,275,0,11/26/2025 1:59:42 PM
276,271,276,0,11/26/2025 2:18:41 PM
277,272,277,0,11/26/2025 2:54:02 PM
278,273,278,0,11/26/2025 3:25:40 PM
279,274,279,0,11/26/2025 4:12:59 PM
280,275,280,0,11/26/2025 4:33:16 PM
281,275,281,1,11/26/2025 4:33:16 PM
282,276,282,0,11/26/2025 4:57:23 PM
283,276,283,1,11/26/2025 4:57:23 PM
284,277,284,0,11/26/2025 5:25:18 PM
285,278,285,0,11/26/2025 5:51:22 PM
286,279,286,0,11/26/2025 6:38:58 PM
287,280,287,0,11/26/2025 7:03:23 PM
288,281,288,0,11/26/2025 8:57:53 PM
289,281,289,1,11/26/2025 8:57:53 PM
290,282,290,0,11/26/2025 9:22:19 PM
291,283,291,0,11/26/2025 9:30:30 PM
292,284,292,0,11/26/2025 9:56:51 PM
293,285,293,0,12/1/2025 1:59:16 PM
294,285,294,1,12/1/2025 1:59:16 PM
295,286,295,0,12/1/2025 2:40:19 PM
296,289,296,0,12/1/2025 3:55:56 PM
297,289,297,1,12/1/2025 3:55:56 PM
298,291,298,0,12/1/2025 4:54:18 PM
299,292,299,0,12/1/2025 5:39:12 PM
300,293,300,0,12/1/2025 6:06:27 PM
301,294,301,0,12/1/2025 6:24:46 PM
302,295,302,0,12/1/2025 6:49:59 PM
303,296,303,0,12/1/2025 7:02:50 PM
304,297,304,0,12/1/2025 8:52:15 PM
305,297,305,1,12/1/2025 8:52:15 PM
306,298,306,0,12/1/2025 9:11:57 PM
307,299,307,0,12/1/2025 9:31:20 PM
308,299,308,1,12/1/2025 9:31:20 PM
309,300,309,0,12/1/2025 9:43:33 PM
310,301,310,0,12/1/2025 9:59:12 PM
311,302,311,0,12/2/2025 3:41:40 PM
312,303,312,0,12/2/2025 3:56:58 PM
313,304,313,0,12/2/2025 4:20:19 PM
314,305,314,0,12/2/2025 4:41:06 PM
315,306,315,0,12/2/2025 5:00:24 PM
316,307,316,0,12/2/2025 5:46:14 PM
317,308,317,0,12/2/2025 6:23:48 PM
318,309,318,0,12/2/2025 6:53:05 PM
319,310,319,0,12/2/2025 8:30:10 PM
320,311,320,0,12/2/2025 8:44:43 PM
321,312,321,0,12/2/2025 8:59:01 PM
322,313,322,0,12/2/2025 9:30:19 PM
323,314,323,0,12/2/2025 9:42:39 PM
324,315,324,0,12/2/2025 10:00:13 PM
325,318,325,0,12/3/2025 2:45:09 PM
326,320,326,0,12/3/2025 3:31:28 PM
327,322,327,0,12/3/2025 3:59:53 PM
328,323,328,0,12/3/2025 4:35:54 PM
329,324,329,0,12/3/2025 4:59:43 PM
330,325,330,0,12/3/2025 5:30:59 PM
331,326,331,0,12/3/2025 6:03:05 PM
332,327,332,0,12/3/2025 6:43:11 PM
333,328,333,0,12/3/2025 7:08:04 PM
334,330,334,0,12/3/2025 8:50:14 PM
335,331,335,0,12/3/2025 8:58:48 PM
336,332,336,0,12/3/2025 9:33:01 PM
337,333,337,0,12/3/2025 9:45:07 PM
338,334,338,0,12/3/2025 10:01:05 PM
339,335,339,0,12/4/2025 1:51:08 PM
340,336,340,0,12/4/2025 2:06:27 PM
341,337,341,0,12/4/2025 2:36:46 PM
342,337,342,1,12/4/2025 2:36:46 PM
343,338,343,0,12/4/2025 2:51:03 PM
344,339,344,0,12/4/2025 3:12:43 PM
345,339,345,1,12/4/2025 3:12:43 PM
346,340,346,0,12/4/2025 4:00:26 PM
347,341,347,0,12/4/2025 4:46:12 PM
348,342,348,0,12/4/2025 5:03:51 PM
349,343,349,0,12/4/2025 5:35:05 PM
350,344,350,0,12/4/2025 6:08:39 PM
351,345,351,0,12/4/2025 6:45:32 PM
352,346,352,0,12/4/2025 7:07:39 PM
353,347,353,0,12/4/2025 8:34:56 PM
354,347,354,1,12/4/2025 8:34:56 PM
355,350,355,0,12/4/2025 9:54:25 PM
356,352,356,0,12/5/2025 2:45:55 PM
357,352,357,1,12/5/2025 2:45:55 PM
358,353,358,0,12/5/2025 2:59:23 PM
359,354,359,0,12/5/2025 3:35:36 PM
360,355,360,0,12/5/2025 3:57:26 PM
361,356,361,0,12/5/2025 4:34:53 PM
362,357,362,0,12/5/2025 4:57:32 PM
363,358,363,0,12/5/2025 5:51:29 PM
364,359,364,0,12/5/2025 5:59:16 PM
365,360,365,0,12/5/2025 6:30:53 PM
366,361,366,0,12/5/2025 6:51:57 PM
367,362,367,0,12/5/2025 7:04:03 PM
368,363,368,0,12/5/2025 8:18:57 PM
369,365,369,0,12/5/2025 8:44:14 PM
370,366,370,0,12/5/2025 9:12:25 PM
371,367,371,0,12/5/2025 9:44:21 PM
372,368,372,0,12/5/2025 9:58:13 PM
373,369,373,0,12/8/2025 1:46:20 PM
374,370,374,0,12/8/2025 1:59:16 PM
375,374,375,0,12/8/2025 3:46:56 PM
376,375,376,0,12/8/2025 4:20:41 PM
377,376,377,0,12/8/2025 4:48:04 PM
378,377,378,0,12/8/2025 5:08:54 PM
379,378,379,0,12/8/2025 5:41:46 PM
380,379,380,0,12/8/2025 5:57:29 PM
381,382,381,0,12/8/2025 7:05:56 PM
382,383,382,0,12/8/2025 8:26:16 PM
383,384,383,0,12/8/2025 8:45:20 PM
384,385,384,0,12/8/2025 9:46:41 PM
385,386,385,0,12/8/2025 10:09:16 PM
386,386,386,1,12/8/2025 10:09:16 PM
387,387,387,0,12/9/2025 3:58:48 PM
388,388,388,0,12/9/2025 4:31:42 PM
389,389,389,0,12/9/2025 4:57:23 PM
390,390,390,0,12/9/2025 5:31:48 PM
391,391,391,0,12/9/2025 6:08:42 PM
392,392,392,0,12/9/2025 6:48:35 PM
393,393,393,0,12/9/2025 7:33:45 PM
394,394,394,0,12/9/2025 9:02:19 PM
395,395,395,0,12/9/2025 9:34:28 PM
396,396,396,0,12/9/2025 10:00:03 PM
397,397,397,0,12/10/2025 2:15:36 PM
398,398,398,0,12/10/2025 2:48:41 PM
399,399,399,0,12/10/2025 2:59:15 PM
400,400,400,0,12/10/2025 3:31:06 PM
401,401,401,0,12/10/2025 3:53:37 PM
402,402,402,0,12/10/2025 4:26:48 PM
403,403,403,0,12/10/2025 4:55:17 PM
404,404,404,0,12/10/2025 5:24:55 PM
405,405,405,0,12/10/2025 5:58:17 PM
406,406,406,0,12/10/2025 6:31:12 PM
407,407,407,0,12/10/2025 7:01:06 PM
408,408,408,0,12/10/2025 8:35:14 PM
409,409,409,0,12/10/2025 8:54:47 PM
410,410,410,0,12/10/2025 9:08:37 PM
411,411,411,0,12/10/2025 9:48:06 PM
412,412,412,0,12/10/2025 10:03:37 PM
413,416,413,0,12/11/2025 3:38:29 PM
414,420,414,0,12/11/2025 5:27:15 PM
415,421,415,0,12/11/2025 5:51:16 PM
416,422,416,0,12/11/2025 6:53:56 PM
417,423,417,0,12/11/2025 7:02:52 PM
418,424,418,0,12/11/2025 8:28:06 PM
419,425,419,0,12/11/2025 8:50:21 PM
420,427,420,0,12/11/2025 9:25:23 PM
421,429,421,0,12/11/2025 9:58:55 PM
422,430,422,0,12/12/2025 1:55:57 PM
423,431,423,0,12/12/2025 2:25:01 PM
424,432,424,0,12/12/2025 2:55:15 PM
425,433,425,0,12/12/2025 3:23:27 PM
426,434,426,0,12/12/2025 4:04:06 PM
427,435,427,0,12/12/2025 4:19:59 PM
428,436,428,0,12/12/2025 4:44:51 PM
429,439,429,0,12/12/2025 5:59:22 PM
430,442,430,0,12/12/2025 7:03:34 PM
431,443,431,0,12/12/2025 8:44:53 PM
432,444,432,0,12/12/2025 8:59:33 PM
433,445,433,0,12/12/2025 9:33:52 PM
434,446,434,0,12/12/2025 9:52:28 PM
435,447,435,0,12/12/2025 9:59:47 PM
436,448,436,0,12/15/2025 1:51:31 PM
437,449,437,0,12/15/2025 2:26:59 PM
438,451,438,0,12/15/2025 3:18:03 PM
439,452,439,0,12/15/2025 3:41:05 PM
440,453,440,0,12/15/2025 4:45:25 PM
441,454,441,0,12/15/2025 5:10:50 PM
442,455,442,0,12/15/2025 5:55:01 PM
443,456,443,0,12/15/2025 6:29:48 PM
444,457,444,0,12/15/2025 6:57:16 PM
445,461,445,0,12/15/2025 9:28:23 PM
446,462,446,0,12/15/2025 9:48:07 PM
447,463,447,0,12/15/2025 10:02:38 PM
448,464,448,0,12/16/2025 3:42:35 PM
449,465,449,0,12/16/2025 4:12:51 PM
450,466,450,0,12/16/2025 4:52:12 PM
451,467,451,0,12/16/2025 5:49:33 PM
452,468,452,0,12/16/2025 6:05:14 PM
453,470,453,0,12/16/2025 6:57:58 PM
454,470,454,1,12/16/2025 6:57:58 PM
455,471,455,0,12/16/2025 8:39:08 PM
456,472,456,0,12/16/2025 9:01:05 PM
457,474,457,0,12/16/2025 9:59:53 PM
458,475,458,0,12/17/2025 1:48:17 PM
459,476,459,0,12/17/2025 1:59:39 PM
460,477,460,0,12/17/2025 2:37:35 PM
461,478,461,0,12/17/2025 3:07:27 PM
462,479,462,0,12/17/2025 3:37:14 PM
463,480,463,0,12/17/2025 4:00:34 PM
464,481,464,0,12/17/2025 4:37:37 PM
465,482,465,0,12/17/2025 5:01:28 PM
466,483,466,0,12/17/2025 5:31:58 PM
467,484,467,0,12/17/2025 5:56:58 PM
468,485,468,0,12/17/2025 6:40:50 PM
469,486,469,0,12/17/2025 6:54:52 PM
470,487,470,0,12/17/2025 8:29:35 PM
471,488,471,0,12/17/2025 8:49:47 PM
472,489,472,0,12/17/2025 9:05:18 PM
473,490,473,0,12/17/2025 9:28:08 PM
474,491,474,0,12/17/2025 9:53:05 PM
475,492,475,0,12/17/2025 10:00:18 PM
476,493,476,0,12/18/2025 1:49:14 PM
477,494,477,0,12/18/2025 2:05:07 PM
478,495,478,0,12/18/2025 2:48:43 PM
479,496,479,0,12/18/2025 3:29:34 PM
480,497,480,0,12/18/2025 4:04:29 PM
481,498,481,0,12/18/2025 4:37:55 PM
482,499,482,0,12/18/2025 5:30:15 PM
483,500,483,0,12/18/2025 6:06:54 PM
484,501,484,0,12/18/2025 6:30:19 PM
485,503,485,0,12/18/2025 8:27:57 PM
486,504,486,0,12/18/2025 9:07:25 PM
487,505,487,0,12/18/2025 9:43:35 PM
488,506,488,0,12/18/2025 9:55:16 PM
489,507,489,0,12/18/2025 10:00:35 PM
490,508,490,0,12/19/2025 1:44:39 PM
491,509,491,0,12/19/2025 2:11:26 PM
492,510,492,0,12/19/2025 2:37:22 PM
493,511,493,0,12/19/2025 2:59:55 PM
494,512,494,0,12/19/2025 3:24:56 PM
495,513,495,0,12/19/2025 3:49:46 PM
496,513,496,1,12/19/2025 3:49:46 PM
497,515,497,0,12/19/2025 4:37:10 PM
498,515,498,1,12/19/2025 4:37:10 PM
499,516,499,0,12/19/2025 4:51:52 PM
500,517,500,0,12/19/2025 5:23:31 PM
501,518,501,0,12/19/2025 6:12:29 PM
502,519,502,0,12/19/2025 6:31:55 PM
503,520,503,0,12/19/2025 6:55:20 PM
504,521,504,0,12/19/2025 8:17:02 PM
505,522,505,0,12/19/2025 8:36:44 PM
506,523,506,0,12/19/2025 8:59:19 PM
507,525,507,0,12/19/2025 9:37:40 PM
508,526,508,0,12/19/2025 9:50:56 PM
509,527,509,0,12/22/2025 1:59:03 PM
510,528,510,0,12/22/2025 2:59:21 PM
511,529,511,0,12/22/2025 3:42:36 PM
512,530,512,0,12/30/2025 2:38:42 PM
513,534,513,0,12/30/2025 4:58:37 PM
514,535,514,0,12/30/2025 5:29:27 PM
515,536,515,0,12/30/2025 6:16:25 PM
516,537,516,0,12/30/2025 6:58:48 PM
517,538,517,0,12/30/2025 8:24:16 PM
518,539,518,0,12/30/2025 8:57:49 PM
519,540,519,0,12/30/2025 9:23:58 PM
520,541,520,0,12/30/2025 9:52:27 PM
521,542,521,0,1/2/2026 1:52:12 PM
522,543,522,0,1/2/2026 2:01:26 PM
523,544,523,0,1/2/2026 2:29:02 PM
524,545,524,0,1/2/2026 2:59:47 PM
525,546,525,0,1/2/2026 3:25:34 PM
526,547,526,0,1/2/2026 3:51:43 PM
527,548,527,0,1/2/2026 4:39:30 PM
528,549,528,0,1/2/2026 4:58:37 PM
529,550,529,0,1/2/2026 5:22:48 PM
530,551,530,0,1/2/2026 5:59:43 PM
531,553,531,0,1/2/2026 7:01:34 PM
532,554,532,0,1/2/2026 8:29:41 PM
533,555,533,0,1/2/2026 8:58:04 PM
534,556,534,0,1/2/2026 9:19:19 PM
535,557,535,0,1/2/2026 9:35:10 PM
536,558,536,0,1/2/2026 9:57:34 PM
537,560,537,0,1/5/2026 2:20:04 PM
538,561,538,0,1/5/2026 2:50:56 PM
539,562,539,0,1/5/2026 3:11:19 PM
540,563,540,0,1/5/2026 3:39:54 PM
541,564,541,0,1/5/2026 3:58:07 PM
542,566,542,0,1/5/2026 5:05:07 PM
543,567,543,0,1/5/2026 6:03:14 PM
544,568,544,0,1/5/2026 7:00:17 PM
545,569,545,0,1/5/2026 8:27:21 PM
546,569,546,1,1/5/2026 8:27:21 PM
547,570,547,0,1/5/2026 8:41:50 PM
548,571,548,0,1/5/2026 8:56:57 PM
549,572,549,0,1/5/2026 9:06:17 PM
550,573,550,0,1/5/2026 9:26:45 PM
551,574,551,0,1/5/2026 9:48:28 PM
552,575,552,0,1/5/2026 9:57:33 PM
553,576,553,0,1/6/2026 2:57:58 PM
554,577,554,0,1/6/2026 3:54:27 PM
555,578,555,0,1/6/2026 4:41:45 PM
556,579,556,0,1/6/2026 5:06:20 PM
557,580,557,0,1/6/2026 5:56:06 PM
558,581,558,0,1/6/2026 6:21:34 PM
559,582,559,0,1/6/2026 6:48:32 PM
560,583,560,0,1/6/2026 6:59:39 PM
561,584,561,0,1/6/2026 8:19:29 PM
562,585,562,0,1/6/2026 8:41:26 PM
563,586,563,0,1/6/2026 8:59:40 PM
564,587,564,0,1/6/2026 9:28:08 PM
565,588,565,0,1/6/2026 10:03:28 PM
566,589,566,0,1/7/2026 1:50:18 PM
567,590,567,0,1/7/2026 2:03:08 PM
568,591,568,0,1/7/2026 2:33:24 PM
569,592,569,0,1/7/2026 3:10:33 PM
570,593,570,0,1/7/2026 3:50:15 PM
571,594,571,0,1/7/2026 4:05:39 PM
572,595,572,0,1/7/2026 4:51:18 PM
573,596,573,0,1/7/2026 5:01:19 PM
574,597,574,0,1/7/2026 6:14:19 PM
575,598,575,0,1/7/2026 6:47:10 PM
576,598,576,1,1/7/2026 6:47:10 PM
577,599,577,0,1/7/2026 8:33:03 PM
578,600,578,0,1/7/2026 8:46:01 PM
579,601,579,0,1/7/2026 9:00:52 PM
580,601,580,1,1/7/2026 9:00:52 PM
581,602,581,0,1/7/2026 9:25:16 PM
582,603,582,0,1/7/2026 9:38:41 PM
583,603,583,1,1/7/2026 9:38:41 PM
584,604,584,0,1/7/2026 9:54:24 PM
585,605,585,0,1/7/2026 10:01:54 PM
586,606,586,0,1/8/2026 1:52:02 PM
587,607,587,0,1/8/2026 2:24:00 PM
588,608,588,0,1/8/2026 2:47:34 PM
589,610,589,0,1/8/2026 3:42:51 PM
590,611,590,0,1/8/2026 3:59:17 PM
591,611,591,1,1/8/2026 3:59:17 PM
592,613,592,0,1/8/2026 4:54:52 PM
593,614,593,0,1/8/2026 4:59:59 PM
594,616,594,0,1/8/2026 6:16:03 PM
595,617,595,0,1/8/2026 6:41:52 PM
596,618,596,0,1/8/2026 7:05:46 PM
597,619,597,0,1/8/2026 8:29:23 PM
598,620,598,0,1/8/2026 8:44:17 PM
599,621,599,0,1/8/2026 9:02:20 PM
600,623,600,0,1/8/2026 9:38:06 PM
601,625,601,0,1/9/2026 1:49:05 PM
602,626,602,0,1/9/2026 1:58:47 PM
603,627,603,0,1/9/2026 2:40:48 PM
604,628,604,0,1/9/2026 2:59:24 PM
605,629,605,0,1/9/2026 3:31:40 PM
606,630,606,0,1/9/2026 3:56:42 PM
607,632,607,0,1/9/2026 4:59:10 PM
608,632,608,1,1/9/2026 4:59:10 PM
609,635,609,0,1/9/2026 5:58:53 PM
610,636,610,0,1/9/2026 6:22:10 PM
611,637,611,0,1/9/2026 7:04:25 PM
612,638,612,0,1/9/2026 9:01:01 PM
613,639,613,0,1/9/2026 9:27:03 PM
614,640,614,0,1/9/2026 9:39:04 PM
615,641,615,0,1/9/2026 9:49:44 PM
616,642,616,0,1/9/2026 9:57:29 PM
617,646,617,0,1/12/2026 3:08:32 PM
618,647,618,0,1/12/2026 3:59:48 PM
619,648,619,0,1/12/2026 4:51:01 PM
620,649,620,0,1/12/2026 5:43:33 PM
621,650,621,0,1/12/2026 6:09:12 PM
622,651,622,0,1/12/2026 6:35:37 PM
623,652,623,0,1/12/2026 6:53:48 PM
624,653,624,0,1/12/2026 8:24:16 PM
625,653,625,1,1/12/2026 8:24:16 PM
626,656,626,0,1/12/2026 9:12:16 PM
627,657,627,0,1/12/2026 9:37:32 PM
628,657,628,1,1/12/2026 9:37:32 PM
629,658,629,0,1/12/2026 9:55:20 PM
630,659,630,0,1/13/2026 3:26:12 PM
631,660,631,0,1/13/2026 4:05:22 PM
632,660,632,1,1/13/2026 4:05:22 PM
633,661,633,0,1/13/2026 4:27:09 PM
634,662,634,0,1/13/2026 4:58:33 PM
635,663,635,0,1/13/2026 5:26:07 PM
636,664,636,0,1/13/2026 5:55:47 PM
637,664,637,1,1/13/2026 5:55:47 PM
638,665,638,0,1/13/2026 6:32:34 PM
639,665,639,1,1/13/2026 6:32:34 PM
640,666,640,0,1/13/2026 6:59:42 PM
641,667,641,0,1/13/2026 8:22:25 PM
642,668,642,0,1/13/2026 8:40:32 PM
643,668,643,1,1/13/2026 8:40:32 PM
644,669,644,0,1/13/2026 8:58:08 PM
645,670,645,0,1/13/2026 9:26:52 PM
646,671,646,0,1/13/2026 9:46:34 PM
647,672,647,0,1/13/2026 9:59:51 PM
648,673,648,0,1/14/2026 1:46:53 PM
649,674,649,0,1/14/2026 1:59:49 PM
650,675,650,0,1/14/2026 2:27:54 PM
651,676,651,0,1/14/2026 3:20:17 PM
652,677,652,0,1/14/2026 4:23:26 PM
653,678,653,0,1/14/2026 4:53:39 PM
654,679,654,0,1/14/2026 5:36:35 PM
655,680,655,0,1/14/2026 6:03:15 PM
656,681,656,0,1/14/2026 6:58:26 PM
657,682,657,0,1/14/2026 8:34:34 PM
658,683,658,0,1/14/2026 8:53:47 PM
659,683,659,1,1/14/2026 8:53:47 PM
660,684,660,0,1/14/2026 9:03:31 PM
661,685,661,0,1/14/2026 9:39:32 PM
662,686,662,0,1/14/2026 10:04:50 PM
663,687,663,0,1/15/2026 2:24:51 PM
664,688,664,0,1/15/2026 2:48:28 PM
665,689,665,0,1/15/2026 3:04:05 PM
666,690,666,0,1/15/2026 3:27:51 PM
667,691,667,0,1/15/2026 3:55:25 PM
668,692,668,0,1/15/2026 4:47:05 PM
669,693,669,0,1/15/2026 5:06:54 PM
670,694,670,0,1/15/2026 5:19:13 PM
671,695,671,0,1/15/2026 5:48:05 PM
672,696,672,0,1/15/2026 6:03:51 PM
673,696,673,1,1/15/2026 6:03:51 PM
674,699,674,0,1/15/2026 7:10:35 PM
675,700,675,0,1/15/2026 8:32:50 PM
676,701,676,0,1/15/2026 8:49:27 PM
677,702,677,0,1/15/2026 9:14:26 PM
678,703,678,0,1/15/2026 9:45:48 PM
679,704,679,0,1/15/2026 9:58:44 PM
680,706,680,0,1/16/2026 1:59:58 PM
681,707,681,0,1/16/2026 2:42:02 PM
682,709,682,0,1/16/2026 3:26:07 PM
683,710,683,0,1/16/2026 3:48:52 PM
684,711,684,0,1/16/2026 4:32:38 PM
685,712,685,0,1/16/2026 5:08:31 PM
686,713,686,0,1/16/2026 5:22:54 PM
687,714,687,0,1/16/2026 5:34:44 PM
688,715,688,0,1/16/2026 5:52:02 PM
689,715,689,1,1/16/2026 5:52:02 PM
690,716,690,0,1/16/2026 6:20:13 PM
691,717,691,0,1/16/2026 6:40:11 PM
692,717,692,1,1/16/2026 6:40:11 PM
693,718,693,0,1/16/2026 6:56:53 PM
694,719,694,0,1/16/2026 8:27:24 PM
695,721,695,0,1/16/2026 8:59:10 PM
696,722,696,0,1/16/2026 9:28:26 PM
697,723,697,0,1/16/2026 9:56:45 PM
698,724,698,0,1/20/2026 3:38:29 PM
699,725,699,0,1/20/2026 4:00:08 PM
700,726,700,0,1/20/2026 4:24:43 PM
701,727,701,0,1/20/2026 4:54:21 PM
702,728,702,0,1/20/2026 5:39:06 PM
703,729,703,0,1/20/2026 6:01:19 PM
704,730,704,0,1/20/2026 6:38:15 PM
705,731,705,0,1/20/2026 6:58:13 PM
706,732,706,0,1/20/2026 8:33:52 PM
707,733,707,0,1/20/2026 8:56:33 PM
708,734,708,0,1/20/2026 9:24:59 PM
709,735,709,0,1/20/2026 9:55:08 PM
710,736,710,0,1/20/2026 10:05:28 PM
711,737,711,0,1/21/2026 3:33:40 PM
712,738,712,0,1/21/2026 4:00:30 PM
713,739,713,0,1/21/2026 4:31:30 PM
714,740,714,0,1/21/2026 5:00:10 PM
715,741,715,0,1/21/2026 6:01:50 PM
716,742,716,0,1/21/2026 6:41:10 PM
717,743,717,0,1/21/2026 7:01:03 PM
718,744,718,0,1/21/2026 8:33:12 PM
719,745,719,0,1/21/2026 8:59:40 PM
720,746,720,0,1/21/2026 9:35:52 PM
721,747,721,0,1/21/2026 10:01:30 PM
722,748,722,0,1/26/2026 1:58:10 PM
723,750,723,0,1/26/2026 2:55:11 PM
724,751,724,0,1/26/2026 3:38:48 PM
725,751,725,1,1/26/2026 3:38:48 PM
726,752,726,0,1/26/2026 4:00:04 PM
727,753,727,0,1/26/2026 4:45:12 PM
728,754,728,0,1/26/2026 5:01:17 PM
729,755,729,0,1/26/2026 5:25:49 PM
730,756,730,0,1/26/2026 5:47:07 PM
731,758,731,0,1/26/2026 6:48:59 PM
732,758,732,1,1/26/2026 6:48:59 PM
733,760,733,0,1/26/2026 8:36:10 PM
734,761,734,0,1/26/2026 8:56:40 PM
735,762,735,0,1/26/2026 9:20:18 PM
736,763,736,0,1/26/2026 9:42:28 PM
737,764,737,0,1/26/2026 9:56:02 PM
738,765,738,0,1/27/2026 3:29:56 PM
739,766,739,0,1/27/2026 3:47:21 PM
740,767,740,0,1/27/2026 4:18:54 PM
741,768,741,0,1/27/2026 5:07:13 PM
742,768,742,1,1/27/2026 5:07:13 PM
743,769,743,0,1/27/2026 5:45:14 PM
744,769,744,1,1/27/2026 5:45:14 PM
745,770,745,0,1/27/2026 6:18:26 PM
746,770,746,1,1/27/2026 6:18:26 PM
747,772,747,0,1/27/2026 8:35:24 PM
748,773,748,0,1/27/2026 8:59:19 PM
749,774,749,0,1/27/2026 9:28:44 PM
750,775,750,0,1/27/2026 9:43:43 PM
751,775,751,1,1/27/2026 9:43:43 PM
752,776,752,0,1/27/2026 9:58:40 PM
753,777,753,0,1/28/2026 1:46:00 PM
754,778,754,0,1/28/2026 2:10:31 PM
755,779,755,0,1/28/2026 2:54:45 PM
756,781,756,0,1/28/2026 3:58:10 PM
757,782,757,0,1/28/2026 5:10:49 PM
758,782,758,1,1/28/2026 5:10:49 PM
759,783,759,0,1/28/2026 5:59:29 PM
760,784,760,0,1/28/2026 6:39:13 PM
761,785,761,0,1/28/2026 7:02:52 PM
762,786,762,0,1/28/2026 8:39:49 PM
763,787,763,0,1/28/2026 9:18:28 PM
764,787,764,1,1/28/2026 9:18:28 PM
765,788,765,0,1/28/2026 9:47:02 PM
766,788,766,1,1/28/2026 9:47:02 PM
767,792,767,0,1/29/2026 2:45:37 PM
768,793,768,0,1/29/2026 3:11:54 PM
769,794,769,0,1/29/2026 3:46:23 PM
770,794,770,1,1/29/2026 3:46:23 PM
771,796,771,0,1/29/2026 4:28:55 PM
772,797,772,0,1/29/2026 4:58:59 PM
773,798,773,0,1/29/2026 5:24:04 PM
774,799,774,0,1/29/2026 5:59:52 PM
775,800,775,0,1/29/2026 7:00:23 PM
776,801,776,0,1/29/2026 8:19:36 PM
777,802,777,0,1/29/2026 8:49:14 PM
778,802,778,1,1/29/2026 8:49:14 PM
779,803,779,0,1/29/2026 9:11:53 PM
780,804,780,0,1/29/2026 9:37:50 PM
781,806,781,0,1/30/2026 1:59:52 PM
782,806,782,1,1/30/2026 1:59:52 PM
783,807,783,0,1/30/2026 2:47:09 PM
784,807,784,1,1/30/2026 2:47:09 PM
785,808,785,0,1/30/2026 3:09:03 PM
786,809,786,0,1/30/2026 3:57:20 PM
787,810,787,0,1/30/2026 4:40:45 PM
788,811,788,0,1/30/2026 5:04:54 PM
789,813,789,0,1/30/2026 6:01:02 PM
790,816,790,0,1/30/2026 8:33:51 PM
791,816,791,1,1/30/2026 8:33:51 PM
792,817,792,0,1/30/2026 9:15:00 PM
793,818,793,0,1/30/2026 9:29:48 PM
794,819,794,0,1/30/2026 9:44:53 PM
795,820,795,0,1/30/2026 10:02:10 PM
796,821,796,0,2/2/2026 1:44:47 PM
797,822,797,0,2/2/2026 1:59:23 PM
798,823,798,0,2/2/2026 2:36:48 PM
799,827,799,0,2/2/2026 3:54:24 PM
800,829,800,0,2/2/2026 4:59:41 PM
801,830,801,0,2/2/2026 5:44:01 PM
802,831,802,0,2/2/2026 6:44:43 PM
803,832,803,0,2/2/2026 7:01:39 PM
804,833,804,0,2/2/2026 8:27:08 PM
805,834,805,0,2/2/2026 8:56:12 PM
806,835,806,0,2/2/2026 9:15:41 PM
807,836,807,0,2/2/2026 9:27:55 PM
808,838,808,0,2/3/2026 3:16:22 PM
809,839,809,0,2/3/2026 3:34:05 PM
810,841,810,0,2/3/2026 4:58:16 PM
811,842,811,0,2/3/2026 5:43:13 PM
812,843,812,0,2/3/2026 5:53:07 PM
813,844,813,0,2/3/2026 6:27:46 PM
814,845,814,0,2/3/2026 7:11:40 PM
815,846,815,0,2/3/2026 8:35:22 PM
816,847,816,0,2/3/2026 8:51:45 PM
817,848,817,0,2/3/2026 9:16:10 PM
818,849,818,0,2/3/2026 9:36:36 PM
819,850,819,0,2/3/2026 9:53:49 PM
820,851,820,0,2/3/2026 10:05:12 PM
821,852,821,0,2/4/2026 1:49:06 PM
822,853,822,0,2/4/2026 2:10:53 PM
823,854,823,0,2/4/2026 2:48:35 PM
824,855,824,0,2/4/2026 4:28:36 PM
825,856,825,0,2/4/2026 4:52:08 PM
826,857,826,0,2/4/2026 5:33:36 PM
827,858,827,0,2/4/2026 5:56:03 PM
828,859,828,0,2/4/2026 6:24:41 PM
829,860,829,0,2/4/2026 6:49:54 PM
830,861,830,0,2/4/2026 7:16:40 PM
831,862,831,0,2/4/2026 8:40:48 PM
832,863,832,0,2/4/2026 8:52:51 PM
833,864,833,0,2/4/2026 9:14:54 PM
834,865,834,0,2/4/2026 9:42:02 PM
835,866,835,0,2/4/2026 9:57:36 PM
836,867,836,0,2/5/2026 1:51:23 PM
837,868,837,0,2/5/2026 2:38:02 PM
838,869,838,0,2/5/2026 3:10:47 PM
839,870,839,0,2/5/2026 3:37:08 PM
840,871,840,0,2/5/2026 4:00:13 PM
841,871,841,1,2/5/2026 4:00:13 PM
842,873,842,0,2/5/2026 4:59:04 PM
843,873,843,1,2/5/2026 4:59:04 PM
844,876,844,0,2/5/2026 6:10:35 PM
845,877,845,0,2/5/2026 6:41:51 PM
846,878,846,0,2/5/2026 7:01:51 PM
847,879,847,0,2/5/2026 8:23:52 PM
848,880,848,0,2/5/2026 8:38:42 PM
849,881,849,0,2/5/2026 8:54:16 PM
850,882,850,0,2/5/2026 9:30:33 PM
851,882,851,1,2/5/2026 9:30:33 PM
852,882,852,2,2/5/2026 9:30:33 PM
853,883,853,0,2/5/2026 10:01:44 PM
854,883,854,1,2/5/2026 10:01:44 PM
855,886,855,0,2/6/2026 2:23:48 PM
856,887,856,0,2/6/2026 2:36:53 PM
857,888,857,0,2/6/2026 3:02:43 PM
858,889,858,0,2/6/2026 3:42:41 PM
859,890,859,0,2/6/2026 3:55:59 PM
860,891,860,0,2/6/2026 4:41:02 PM
861,892,861,0,2/6/2026 5:55:52 PM
862,893,862,0,2/6/2026 8:39:37 PM
863,894,863,0,2/6/2026 9:01:25 PM
864,896,864,0,2/6/2026 9:33:58 PM
865,897,865,0,2/6/2026 9:44:55 PM
866,898,866,0,2/6/2026 10:00:01 PM
867,900,867,0,2/9/2026 2:03:41 PM
868,901,868,0,2/9/2026 2:38:44 PM
869,903,869,0,2/9/2026 3:49:28 PM
870,904,870,0,2/9/2026 4:59:30 PM
871,905,871,0,2/9/2026 5:38:26 PM
872,906,872,0,2/9/2026 5:59:25 PM
873,908,873,0,2/9/2026 6:38:07 PM
874,909,874,0,2/9/2026 7:07:36 PM
875,911,875,0,2/9/2026 9:40:28 PM
876,912,876,0,2/9/2026 9:53:31 PM
877,913,877,0,2/10/2026 4:10:14 PM
878,914,878,0,2/10/2026 4:29:07 PM
879,915,879,0,2/10/2026 5:00:27 PM
880,916,880,0,2/10/2026 5:57:21 PM
881,917,881,0,2/10/2026 6:25:16 PM
882,918,882,0,2/10/2026 6:48:20 PM
883,919,883,0,2/10/2026 7:14:36 PM
884,920,884,0,2/10/2026 8:55:25 PM
885,921,885,0,2/10/2026 9:09:04 PM
886,922,886,0,2/10/2026 9:33:12 PM
887,923,887,0,2/10/2026 9:55:20 PM
888,924,888,0,2/10/2026 10:23:14 PM
889,925,889,0,2/11/2026 1:46:22 PM
890,926,890,0,2/11/2026 1:59:24 PM
891,927,891,0,2/11/2026 2:34:51 PM
892,929,892,0,2/11/2026 3:07:16 PM
893,930,893,0,2/11/2026 3:33:23 PM
894,931,894,0,2/11/2026 3:51:54 PM
895,933,895,0,2/11/2026 4:29:36 PM
896,934,896,0,2/11/2026 5:30:19 PM
897,935,897,0,2/11/2026 6:01:52 PM
898,936,898,0,2/11/2026 6:41:27 PM
899,937,899,0,2/11/2026 7:01:52 PM
900,938,900,0,2/11/2026 8:31:59 PM
901,938,901,1,2/11/2026 8:31:59 PM
902,939,902,0,2/11/2026 8:50:04 PM
903,940,903,0,2/11/2026 9:16:37 PM
904,941,904,0,2/11/2026 9:44:18 PM
905,943,905,0,2/12/2026 1:45:20 PM
906,944,906,0,2/12/2026 2:10:37 PM
907,945,907,0,2/12/2026 2:54:34 PM
908,945,908,1,2/12/2026 2:54:34 PM
909,946,909,0,2/12/2026 4:04:49 PM
910,946,910,1,2/12/2026 4:04:49 PM
911,947,911,0,2/12/2026 4:43:38 PM
912,948,912,0,2/12/2026 4:58:48 PM
913,949,913,0,2/12/2026 5:35:54 PM
914,950,914,0,2/12/2026 5:56:19 PM
915,951,915,0,2/12/2026 6:32:36 PM
916,952,916,0,2/12/2026 7:11:09 PM
917,953,917,0,2/12/2026 8:34:39 PM
918,954,918,0,2/12/2026 9:06:01 PM
919,955,919,0,2/12/2026 9:27:10 PM
920,956,920,0,2/12/2026 9:38:01 PM
921,957,921,0,2/12/2026 9:52:20 PM
922,958,922,0,2/13/2026 1:57:06 PM
923,959,923,0,2/13/2026 2:25:45 PM
924,963,924,0,2/13/2026 3:52:18 PM
925,964,925,0,2/13/2026 4:20:04 PM
926,965,926,0,2/13/2026 4:42:16 PM
927,966,927,0,2/13/2026 4:55:16 PM
928,967,928,0,2/13/2026 5:28:53 PM
929,968,929,0,2/13/2026 6:00:20 PM
930,969,930,0,2/13/2026 7:04:19 PM
931,970,931,0,2/13/2026 8:51:02 PM
932,971,932,0,2/13/2026 9:07:45 PM
933,973,933,0,2/13/2026 9:52:21 PM
934,976,934,0,2/16/2026 2:32:32 PM
935,977,935,0,2/16/2026 2:47:36 PM
936,979,936,0,2/16/2026 3:41:25 PM
937,980,937,0,2/16/2026 5:03:08 PM
938,981,938,0,2/16/2026 5:36:48 PM
939,982,939,0,2/16/2026 5:59:19 PM
940,983,940,0,2/16/2026 6:32:15 PM
941,985,941,0,2/16/2026 8:32:34 PM
942,985,942,1,2/16/2026 8:32:34 PM
943,986,943,0,2/16/2026 8:56:45 PM
944,986,944,1,2/16/2026 8:56:45 PM
945,987,945,0,2/16/2026 9:29:06 PM
946,990,946,0,2/17/2026 3:37:12 PM
947,991,947,0,2/17/2026 3:59:44 PM
948,992,948,0,2/17/2026 4:55:19 PM
949,992,949,1,2/17/2026 4:55:19 PM
950,993,950,0,2/17/2026 5:32:02 PM
951,994,951,0,2/17/2026 5:52:30 PM
952,995,952,0,2/17/2026 6:33:14 PM
953,996,953,0,2/17/2026 6:56:31 PM
954,997,954,0,2/17/2026 8:24:48 PM
955,998,955,0,2/17/2026 8:52:27 PM
956,999,956,0,2/17/2026 9:03:38 PM
957,1000,957,0,2/17/2026 9:28:15 PM
958,1001,958,0,2/17/2026 9:52:39 PM
959,1002,959,0,2/17/2026 9:59:47 PM
960,1003,960,0,2/18/2026 2:14:57 PM
961,1004,961,0,2/18/2026 2:58:33 PM
962,1005,962,0,2/18/2026 3:44:53 PM
963,1006,963,0,2/18/2026 4:08:41 PM
964,1007,964,0,2/18/2026 4:27:50 PM
965,1008,965,0,2/18/2026 5:05:08 PM
966,1010,966,0,2/18/2026 5:54:14 PM
967,1011,967,0,2/18/2026 6:22:53 PM
968,1012,968,0,2/18/2026 7:02:01 PM
969,1013,969,0,2/18/2026 8:24:51 PM
970,1014,970,0,2/18/2026 8:39:35 PM
971,1015,971,0,2/18/2026 8:56:47 PM
972,1016,972,0,2/18/2026 9:12:13 PM
973,1017,973,0,2/18/2026 9:44:12 PM
974,1018,974,0,2/18/2026 9:58:22 PM
975,1019,975,0,2/19/2026 1:55:50 PM
976,1020,976,0,2/19/2026 2:28:20 PM
977,1021,977,0,2/19/2026 2:56:29 PM
978,1022,978,0,2/19/2026 3:45:22 PM
979,1023,979,0,2/19/2026 4:25:46 PM
980,1023,980,1,2/19/2026 4:25:46 PM
981,1024,981,0,2/19/2026 5:22:53 PM
982,1025,982,0,2/19/2026 5:44:16 PM
983,1026,983,0,2/19/2026 6:07:21 PM
984,1026,984,1,2/19/2026 6:07:21 PM
985,1027,985,0,2/19/2026 6:29:20 PM
986,1028,986,0,2/19/2026 6:49:14 PM
987,1028,987,1,2/19/2026 6:49:14 PM
988,1029,988,0,2/19/2026 7:04:01 PM
989,1030,989,0,2/19/2026 8:31:02 PM
990,1031,990,0,2/19/2026 8:57:24 PM
991,1033,991,0,2/19/2026 9:44:43 PM
992,1034,992,0,2/19/2026 9:59:45 PM
993,1035,993,0,2/20/2026 1:49:59 PM
994,1036,994,0,2/20/2026 2:40:37 PM
995,1037,995,0,2/20/2026 3:07:05 PM
996,1038,996,0,2/20/2026 3:21:25 PM
997,1039,997,0,2/20/2026 3:44:25 PM
998,1040,998,0,2/20/2026 4:15:14 PM
999,1040,999,1,2/20/2026 4:15:14 PM
1000,1041,1000,0,2/20/2026 4:36:46 PM
1001,1044,1001,0,2/20/2026 5:33:47 PM
1002,1045,1002,0,2/20/2026 6:02:32 PM
1003,1046,1003,0,2/20/2026 7:47:16 PM
1004,1047,1004,0,2/20/2026 8:07:38 PM
1005,1048,1005,0,2/20/2026 8:26:22 PM
1006,1049,1006,0,2/20/2026 8:43:25 PM
1007,1050,1007,0,2/20/2026 8:59:26 PM
1008,1051,1008,0,2/20/2026 9:25:10 PM
1009,1051,1009,1,2/20/2026 9:25:10 PM
1010,1055,1010,0,2/23/2026 1:57:38 PM
1011,1056,1011,0,2/23/2026 2:36:14 PM
1012,1057,1012,0,2/23/2026 2:59:13 PM
1013,1058,1013,0,2/23/2026 3:34:31 PM
1014,1059,1014,0,2/23/2026 4:15:12 PM
1015,1060,1015,0,2/23/2026 4:46:49 PM
1016,1062,1016,0,2/23/2026 6:18:02 PM
1017,1062,1017,1,2/23/2026 6:18:02 PM
1018,1067,1018,0,2/23/2026 9:09:07 PM
1019,1068,1019,0,2/23/2026 9:37:50 PM
1020,1069,1020,0,2/23/2026 9:53:12 PM
1021,1070,1021,0,2/24/2026 3:36:18 PM
1022,1071,1022,0,2/24/2026 4:15:13 PM
1023,1072,1023,0,2/24/2026 4:52:51 PM
1024,1072,1024,1,2/24/2026 4:52:51 PM
1025,1074,1025,0,2/24/2026 6:05:59 PM
1026,1076,1026,0,2/24/2026 6:54:30 PM
1027,1078,1027,0,2/24/2026 8:47:20 PM
1028,1079,1028,0,2/24/2026 9:01:48 PM
1029,1079,1029,1,2/24/2026 9:01:48 PM
1030,1080,1030,0,2/24/2026 9:17:07 PM
1031,1081,1031,0,2/24/2026 9:36:03 PM
1032,1082,1032,0,2/24/2026 9:48:49 PM
1033,1083,1033,0,2/24/2026 9:59:27 PM
1034,1084,1034,0,2/25/2026 1:56:06 PM
1035,1084,1035,1,2/25/2026 1:56:06 PM
1036,1084,1036,2,2/25/2026 1:56:06 PM
1037,1085,1037,0,2/25/2026 2:04:24 PM
1038,1086,1038,0,2/25/2026 2:58:39 PM
1039,1086,1039,1,2/25/2026 2:58:39 PM
1040,1087,1040,0,2/25/2026 3:26:02 PM
1041,1087,1041,1,2/25/2026 3:26:02 PM
1042,1089,1042,0,2/25/2026 3:59:12 PM
1043,1090,1043,0,2/25/2026 4:19:24 PM
1044,1091,1044,0,2/25/2026 4:46:46 PM
1045,1091,1045,1,2/25/2026 4:46:46 PM
1046,1092,1046,0,2/25/2026 5:08:04 PM
1047,1093,1047,0,2/25/2026 6:05:04 PM
1048,1094,1048,0,2/25/2026 6:56:59 PM
1049,1095,1049,0,2/25/2026 10:12:36 PM
1050,1096,1050,0,2/26/2026 1:55:44 PM
1051,1096,1051,1,2/26/2026 1:55:44 PM
1052,1102,1052,0,2/26/2026 4:42:49 PM
1053,1103,1053,0,2/26/2026 5:03:32 PM
1054,1104,1054,0,2/26/2026 5:50:43 PM
1055,1105,1055,0,2/26/2026 6:41:22 PM
1056,1106,1056,0,2/26/2026 7:14:43 PM
1057,1106,1057,1,2/26/2026 7:14:43 PM
1058,1108,1058,0,2/26/2026 9:09:54 PM
1059,1108,1059,1,2/26/2026 9:09:54 PM
1060,1109,1060,0,2/26/2026 9:26:17 PM
1061,1109,1061,1,2/26/2026 9:26:17 PM
1062,1110,1062,0,2/26/2026 9:46:42 PM
1063,1111,1063,0,2/26/2026 9:55:52 PM
1064,1112,1064,0,2/27/2026 1:45:51 PM
1065,1113,1065,0,2/27/2026 2:00:58 PM
1066,1114,1066,0,2/27/2026 2:46:14 PM
1067,1115,1067,0,2/27/2026 3:05:30 PM
1068,1116,1068,0,2/27/2026 3:25:53 PM
1069,1117,1069,0,2/27/2026 3:59:28 PM
1070,1118,1070,0,2/27/2026 4:59:35 PM
1071,1118,1071,1,2/27/2026 4:59:35 PM
1072,1119,1072,0,2/27/2026 5:10:14 PM
1073,1122,1073,0,2/27/2026 6:39:56 PM
1074,1123,1074,0,2/27/2026 6:59:06 PM
1075,1124,1075,0,2/27/2026 9:47:00 PM
1076,1125,1076,0,2/27/2026 10:05:28 PM
1077,1126,1077,0,3/2/2026 1:52:21 PM
1078,1127,1078,0,3/2/2026 2:10:59 PM
1079,1128,1079,0,3/2/2026 2:46:04 PM
1080,1129,1080,0,3/2/2026 3:02:04 PM
1081,1130,1081,0,3/2/2026 3:27:10 PM
1082,1131,1082,0,3/2/2026 4:08:11 PM
1083,1132,1083,0,3/2/2026 5:05:20 PM
1084,1133,1084,0,3/2/2026 5:39:53 PM
1085,1136,1085,0,3/2/2026 6:47:29 PM
1086,1137,1086,0,3/2/2026 7:03:16 PM
1087,1138,1087,0,3/2/2026 8:41:57 PM
1088,1139,1088,0,3/2/2026 9:06:35 PM
1089,1140,1089,0,3/2/2026 9:28:08 PM
1090,1141,1090,0,3/2/2026 9:39:40 PM
1091,1142,1091,0,3/2/2026 9:53:20 PM
1092,1144,1092,0,3/3/2026 5:25:53 PM
1093,1145,1093,0,3/3/2026 5:53:19 PM
1094,1146,1094,0,3/3/2026 6:23:56 PM
1095,1146,1095,1,3/3/2026 6:23:56 PM
1096,1148,1096,0,3/3/2026 8:29:40 PM
1097,1149,1097,0,3/3/2026 8:59:26 PM
1098,1150,1098,0,3/3/2026 9:19:44 PM
1099,1151,1099,0,3/3/2026 9:39:56 PM
1100,1152,1100,0,3/3/2026 10:00:44 PM
1101,1152,1101,1,3/3/2026 10:00:44 PM
1102,1153,1102,0,3/4/2026 1:48:52 PM
1103,1154,1103,0,3/4/2026 1:59:13 PM
1104,1155,1104,0,3/4/2026 2:25:05 PM
1105,1156,1105,0,3/4/2026 2:53:16 PM
1106,1157,1106,0,3/4/2026 3:25:39 PM
1107,1158,1107,0,3/4/2026 3:54:59 PM
1108,1159,1108,0,3/4/2026 4:28:33 PM
1109,1160,1109,0,3/4/2026 4:59:16 PM
1110,1161,1110,0,3/4/2026 5:25:25 PM
1111,1162,1111,0,3/4/2026 5:50:43 PM
1112,1163,1112,0,3/4/2026 6:27:18 PM
1113,1163,1113,1,3/4/2026 6:27:18 PM
1114,1166,1114,0,3/5/2026 1:53:14 PM
1115,1168,1115,0,3/5/2026 2:24:09 PM
1116,1169,1116,0,3/5/2026 2:45:29 PM
1117,1170,1117,0,3/5/2026 3:10:53 PM
1118,1171,1118,0,3/5/2026 3:54:13 PM
1119,1172,1119,0,3/5/2026 4:23:44 PM
1120,1173,1120,0,3/5/2026 5:03:29 PM
1121,1174,1121,0,3/5/2026 5:34:52 PM
1122,1175,1122,0,3/5/2026 5:54:24 PM
1123,1175,1123,1,3/5/2026 5:54:24 PM
1124,1176,1124,0,3/5/2026 6:22:51 PM
1125,1176,1125,1,3/5/2026 6:22:51 PM
1126,1179,1126,0,3/5/2026 8:24:40 PM
1127,1180,1127,0,3/5/2026 8:48:43 PM
1128,1181,1128,0,3/5/2026 9:18:26 PM
1129,1182,1129,0,3/5/2026 9:38:16 PM
1130,1183,1130,0,3/5/2026 9:59:20 PM
1131,1183,1131,1,3/5/2026 9:59:20 PM
1132,1184,1132,0,3/6/2026 1:56:56 PM
1133,1185,1133,0,3/6/2026 2:20:23 PM
1134,1187,1134,0,3/6/2026 2:58:41 PM
1135,1187,1135,1,3/6/2026 2:58:41 PM
1136,1188,1136,0,3/6/2026 3:43:35 PM
1137,1189,1137,0,3/6/2026 3:59:28 PM
1138,1190,1138,0,3/6/2026 4:23:49 PM
1139,1191,1139,0,3/6/2026 4:54:01 PM
1140,1192,1140,0,3/6/2026 5:48:38 PM
1141,1193,1141,0,3/6/2026 6:31:53 PM
1142,1194,1142,0,3/6/2026 6:54:56 PM
1143,1195,1143,0,3/6/2026 8:22:24 PM
1144,1197,1144,0,3/6/2026 8:51:34 PM
1145,1200,1145,0,3/6/2026 9:55:58 PM
1146,1201,1146,0,3/9/2026 12:55:29 PM
1147,1202,1147,0,3/9/2026 1:34:00 PM
1148,1203,1148,0,3/9/2026 2:03:28 PM
1149,1204,1149,0,3/9/2026 3:13:42 PM
1150,1205,1150,0,3/9/2026 3:35:22 PM
1151,1206,1151,0,3/9/2026 4:18:00 PM
1152,1208,1152,0,3/9/2026 5:56:02 PM
1153,1208,1153,1,3/9/2026 5:56:02 PM
1154,1209,1154,0,3/9/2026 6:10:03 PM
1155,1210,1155,0,3/9/2026 7:55:46 PM
1156,1211,1156,0,3/9/2026 8:38:51 PM
1157,1212,1157,0,3/9/2026 9:00:28 PM
1158,1213,1158,0,3/10/2026 2:01:39 PM
1159,1214,1159,0,3/10/2026 2:21:49 PM
1160,1215,1160,0,3/10/2026 2:56:08 PM
1161,1216,1161,0,3/10/2026 3:17:21 PM
1162,1217,1162,0,3/10/2026 3:39:33 PM
1163,1218,1163,0,3/10/2026 4:06:35 PM
1164,1219,1164,0,3/10/2026 4:34:45 PM
1165,1220,1165,0,3/10/2026 4:57:10 PM
1166,1221,1166,0,3/10/2026 5:17:26 PM
1167,1222,1167,0,3/10/2026 5:36:38 PM
1168,1223,1168,0,3/10/2026 5:55:58 PM
1169,1224,1169,0,3/10/2026 7:38:50 PM
1170,1225,1170,0,3/10/2026 7:52:31 PM
1171,1226,1171,0,3/10/2026 8:08:29 PM
1172,1227,1172,0,3/10/2026 8:23:03 PM
1173,1230,1173,0,3/10/2026 8:57:27 PM
1174,1232,1174,0,3/11/2026 12:59:59 PM
1175,1233,1175,0,3/11/2026 1:37:17 PM
1176,1234,1176,0,3/11/2026 1:53:14 PM
1177,1235,1177,0,3/11/2026 2:28:06 PM
1178,1236,1178,0,3/11/2026 2:50:17 PM
1179,1238,1179,0,3/11/2026 3:28:09 PM
1180,1241,1180,0,3/11/2026 4:35:51 PM
1181,1243,1181,0,3/11/2026 5:38:19 PM
1182,1244,1182,0,3/11/2026 5:59:27 PM
1183,1245,1183,0,3/11/2026 7:21:10 PM
1184,1246,1184,0,3/11/2026 7:46:58 PM
1185,1247,1185,0,3/11/2026 7:57:41 PM
1186,1248,1186,0,3/11/2026 8:16:05 PM
1187,1248,1187,1,3/11/2026 8:16:05 PM
1188,1249,1188,0,3/11/2026 8:34:54 PM
1189,1250,1189,0,3/11/2026 8:46:55 PM
1190,1252,1190,0,3/12/2026 1:13:22 PM
1191,1252,1191,1,3/12/2026 1:13:22 PM
1192,1253,1192,0,3/12/2026 1:45:36 PM
1193,1254,1193,0,3/12/2026 3:06:04 PM
1194,1255,1194,0,3/12/2026 3:19:58 PM
1195,1256,1195,0,3/12/2026 4:20:53 PM
1196,1257,1196,0,3/12/2026 4:57:51 PM
1197,1258,1197,0,3/12/2026 5:46:03 PM
1198,1259,1198,0,3/12/2026 7:34:50 PM
1199,1260,1199,0,3/12/2026 7:56:22 PM
1200,1261,1200,0,3/12/2026 8:17:22 PM
1201,1262,1201,0,3/12/2026 8:36:46 PM
1202,1263,1202,0,3/12/2026 8:54:59 PM
1203,1264,1203,0,3/12/2026 9:04:52 PM
1204,1265,1204,0,3/13/2026 12:49:46 PM
1205,1267,1205,0,3/13/2026 1:22:19 PM
1206,1268,1206,0,3/13/2026 2:39:23 PM
1207,1269,1207,0,3/13/2026 2:59:55 PM
1208,1270,1208,0,3/13/2026 3:37:33 PM
1209,1271,1209,0,3/13/2026 4:19:40 PM
1210,1272,1210,0,3/13/2026 5:02:03 PM
1211,1273,1211,0,3/13/2026 5:25:36 PM
1212,1274,1212,0,3/13/2026 5:49:12 PM
1213,1275,1213,0,3/13/2026 6:11:09 PM
1214,1276,1214,0,3/13/2026 7:30:50 PM
1215,1277,1215,0,3/13/2026 7:44:51 PM
1216,1278,1216,0,3/13/2026 8:05:27 PM
1217,1279,1217,0,3/13/2026 8:27:11 PM
1218,1279,1218,1,3/13/2026 8:27:11 PM
1219,1279,1219,2,3/13/2026 8:27:11 PM
1220,1280,1220,0,3/13/2026 8:43:02 PM
1221,1282,1221,0,3/16/2026 12:58:24 PM
1222,1282,1222,1,3/16/2026 12:58:24 PM
1223,1283,1223,0,3/16/2026 2:08:12 PM
1224,1284,1224,0,3/16/2026 2:37:47 PM
1225,1285,1225,0,3/16/2026 3:02:11 PM
1226,1286,1226,0,3/16/2026 3:44:11 PM
1227,1287,1227,0,3/16/2026 4:17:04 PM
1228,1288,1228,0,3/16/2026 4:41:30 PM
1229,1288,1229,1,3/16/2026 4:41:30 PM
1230,1289,1230,0,3/16/2026 5:28:08 PM
1231,1289,1231,1,3/16/2026 5:28:08 PM
1232,1290,1232,0,3/16/2026 6:13:48 PM
1233,1293,1235,0,3/16/2026 8:11:13 PM
1234,1294,1236,0,3/16/2026 8:35:01 PM
1235,1295,1237,0,3/16/2026 8:51:26 PM
1236,1297,1238,0,3/17/2026 2:30:07 PM
1237,1297,1239,1,3/17/2026 2:30:07 PM
1238,1297,1240,2,3/17/2026 2:30:07 PM
1239,1299,1241,0,3/17/2026 4:02:12 PM
1240,1300,1242,0,3/17/2026 5:11:58 PM
1241,1300,1243,1,3/17/2026 5:11:58 PM
1242,1301,1244,0,3/17/2026 5:53:34 PM
1243,1302,1245,0,3/17/2026 7:29:14 PM
1244,1303,1246,0,3/17/2026 7:50:21 PM
1245,1304,1247,0,3/17/2026 8:19:10 PM
1246,1305,1248,0,3/17/2026 8:40:06 PM
1247,1305,1249,1,3/17/2026 8:40:06 PM
1248,1306,1250,0,3/17/2026 9:02:01 PM
1249,1307,1251,0,3/18/2026 12:57:57 PM
1250,1308,1252,0,3/18/2026 1:24:01 PM
1251,1309,1253,0,3/18/2026 1:38:26 PM
1252,1310,1254,0,3/18/2026 2:21:35 PM
1253,1311,1255,0,3/18/2026 2:43:45 PM
1254,1312,1256,0,3/18/2026 3:03:45 PM
1255,1313,1257,0,3/18/2026 3:41:13 PM
1256,1314,1258,0,3/18/2026 4:04:25 PM
1257,1315,1259,0,3/18/2026 4:33:21 PM
1258,1316,1260,0,3/18/2026 4:52:30 PM
1259,1317,1261,0,3/18/2026 5:17:01 PM
1260,1318,1262,0,3/18/2026 5:50:47 PM
1261,1319,1263,0,3/18/2026 7:36:18 PM
1262,1320,1264,0,3/18/2026 7:56:34 PM
1263,1321,1265,0,3/18/2026 8:11:46 PM
1264,1322,1266,0,3/18/2026 8:34:38 PM
1265,1323,1267,0,3/18/2026 8:51:07 PM
1266,1324,1268,0,3/18/2026 9:00:58 PM
1267,1325,1269,0,3/19/2026 12:59:04 PM
1268,1326,1270,0,3/19/2026 1:34:47 PM
1269,1327,1271,0,3/19/2026 1:59:13 PM
1270,1328,1272,0,3/19/2026 2:44:58 PM
1271,1329,1273,0,3/19/2026 3:17:29 PM
1272,1329,1274,1,3/19/2026 3:17:29 PM
1273,1331,1275,0,3/19/2026 3:55:12 PM
1274,1332,1276,0,3/19/2026 4:21:08 PM
1275,1332,1277,1,3/19/2026 4:21:08 PM
1276,1333,1278,0,3/19/2026 5:04:06 PM
1277,1334,1279,0,3/19/2026 5:29:35 PM
1278,1335,1280,0,3/19/2026 5:47:48 PM
1279,1336,1281,0,3/19/2026 7:52:29 PM
1280,1337,1282,0,3/19/2026 8:22:04 PM
1281,1338,1283,0,3/19/2026 9:00:13 PM
1282,1339,1284,0,3/20/2026 12:55:30 PM
1283,1340,1285,0,3/20/2026 1:13:33 PM
1284,1342,1286,0,3/20/2026 2:21:47 PM
1285,1343,1287,0,3/20/2026 2:41:54 PM
1286,1344,1288,0,3/20/2026 3:27:24 PM
1287,1345,1289,0,3/20/2026 3:55:43 PM
1288,1346,1290,0,3/20/2026 4:41:17 PM
1289,1346,1291,1,3/20/2026 4:41:17 PM
1290,1348,1292,0,3/20/2026 5:24:49 PM
1291,1349,1293,0,3/20/2026 6:01:12 PM
1292,1350,1294,0,3/20/2026 7:53:36 PM
1293,1351,1295,0,3/20/2026 8:11:41 PM
1294,1352,1296,0,3/20/2026 8:31:22 PM
1295,1353,1297,0,3/20/2026 8:56:53 PM
1296,1354,1298,0,3/23/2026 12:53:13 PM
1297,1355,1299,0,3/23/2026 1:02:19 PM
1298,1356,1300,0,3/23/2026 2:59:34 PM
1299,1358,1301,0,3/23/2026 3:26:11 PM
1300,1358,1302,1,3/23/2026 3:26:11 PM
1301,1359,1303,0,3/23/2026 3:53:34 PM
1302,1361,1304,0,3/23/2026 5:04:28 PM
